1,1,10000000000000000000000000000000000000000,endl
1,2,10000000000000000000000000000000000000000,endl
1,3,388781010,endl
1,4,0,endl
1,5,0,endl
1,6,2.8514857E-022,endl
1,7,0,endl
2,3,10000000000000000000000000000000000000000,endl
2,4,10000000000000000000000000000000000000000,endl
2,5,7.0407055E-022,endl
2,6,0.8067,endl
2,7,3.0415848E-021,endl
2,8,0.1191,endl
2,9,0,endl
2,10,1.5207924E-021,endl
3,3,0,endl
3,4,0,endl
3,5,3.7092497E-022,endl
3,6,10000000000000000000000000000000000000000,endl
3,7,10000000000000000000000000000000000000000,endl
3,8,0.8399,endl
3,9,0.1783,endl
3,10,0,endl
3,11,0.00875,endl
3,12,0,endl
3,13,0,endl
4,5,0,endl
4,6,4.9591056E-021,endl
4,7,4598208,endl
4,8,8.1909823E-017,endl
4,9,10000000000000000000000000000000000000000,endl
4,10,47650919000000,endl
4,11,13.76,endl
4,12,0.0213,endl
4,13,2.7E-021,endl
4,14,0.00435,endl
4,15,7.8661675E-022,endl
4,16,5.7029714E-022,endl
4,17,0,endl
4,18,0,endl
4,19,0,endl
5,6,0,endl
5,7,5.6958516E-022,endl
5,8,0.77,endl
5,9,8.4488466E-019,endl
5,10,10000000000000000000000000000000000000000,endl
5,11,10000000000000000000000000000000000000000,endl
5,12,0.0202,endl
5,13,0.01733,endl
5,14,0.0125,endl
5,15,0.00993,endl
5,16,1.9E-010,endl
5,17,0.00508,endl
5,18,0,endl
5,19,0,endl
5,20,0,endl
5,21,0,endl
6,8,1.9836422E-021,endl
6,9,0.1265,endl
6,10,19.29,endl
6,11,1221.84,endl
6,12,10000000000000000000000000000000000000000,endl
6,13,10000000000000000000000000000000000000000,endl
6,14,179874330000,endl
6,15,2.449,endl
6,16,0.747,endl
6,17,0.193,endl
6,18,0.092,endl
6,19,0,endl
6,20,0.014,endl
6,21,0,endl
6,22,0.0061,endl
6,23,0,endl
6,24,0,endl
6,25,0,endl
6,26,0,endl
7,10,0,endl
7,11,5.4968399E-022,endl
7,12,0.011,endl
7,13,597.9,endl
7,14,10000000000000000000000000000000000000000,endl
7,15,10000000000000000000000000000000000000000,endl
7,16,7.13,endl
7,17,4.173,endl
7,18,0.624,endl
7,19,0.271,endl
7,20,0.13,endl
7,21,0.084,endl
7,22,0.024,endl
7,23,0.0141,endl
7,24,0.000000052,endl
7,25,0,endl
8,12,1.1405943E-021,endl
8,13,0.00858,endl
8,14,70.606,endl
8,15,122.24,endl
8,16,10000000000000000000000000000000000000000,endl
8,17,10000000000000000000000000000000000000000,endl
8,18,10000000000000000000000000000000000000000,endl
8,19,26.88,endl
8,20,13.51,endl
8,21,3.42,endl
8,22,2.25,endl
8,23,0.082,endl
8,24,0.065,endl
8,25,0,endl
8,26,4.5E-012,endl
8,27,0,endl
8,28,0,endl
9,14,5.0136013E-022,endl
9,15,4.5623772E-022,endl
9,16,1.1405943E-020,endl
9,17,64.49,endl
9,18,6586.2,endl
9,19,10000000000000000000000000000000000000000,endl
9,20,11.07,endl
9,21,4.158,endl
9,22,4.23,endl
9,23,2.23,endl
9,24,0.39,endl
9,25,0.08,endl
9,26,0.0097,endl
9,27,0.005,endl
9,28,4.6E-020,endl
9,29,0.0025,endl
9,30,0,endl
9,31,0.00000026,endl
10,15,7.7328426E-022,endl
10,16,3.7396534E-021,endl
10,17,0.1092,endl
10,18,1.672,endl
10,19,17.22,endl
10,20,10000000000000000000000000000000000000000,endl
10,21,10000000000000000000000000000000000000000,endl
10,22,10000000000000000000000000000000000000000,endl
10,23,37.24,endl
10,24,202.8,endl
10,25,0.602,endl
10,26,0.197,endl
10,27,0.0315,endl
10,28,0.02,endl
10,29,0.015,endl
10,30,0.0073,endl
10,31,0.0034,endl
10,32,0.0035,endl
10,33,0.00000018,endl
10,34,0.00000006,endl
11,18,0,endl
11,19,0,endl
11,20,0.4479,endl
11,21,22.49,endl
11,22,82133144,endl
11,23,10000000000000000000000000000000000000000,endl
11,24,53989.2,endl
11,24,0.02018,endl
11,25,59.1,endl
11,26,1.077,endl
11,27,0.301,endl
11,28,0.0305,endl
11,29,0.0441,endl
11,30,0.048,endl
11,31,0.01735,endl
11,32,0.0132,endl
11,33,0.008,endl
11,34,0.0055,endl
11,35,0.0015,endl
11,36,0.00000018,endl
11,37,0.00000006,endl
12,19,4.0020852E-012,endl
12,20,0.093,endl
12,21,0.122,endl
12,22,3.8755,endl
12,23,11.317,endl
12,24,10000000000000000000000000000000000000000,endl
12,25,10000000000000000000000000000000000000000,endl
12,26,10000000000000000000000000000000000000000,endl
12,27,567.48,endl
12,28,75294,endl
12,29,1.3,endl
12,30,0.335,endl
12,31,0.236,endl
12,32,0.086,endl
12,33,0.0905,endl
12,34,0.02,endl
12,35,0.07,endl
12,36,0.0039,endl
12,37,0.008,endl
12,38,0.00000026,endl
12,39,0.00000018,endl
12,40,0.00000017,endl
13,21,0.000000035,endl
13,22,0.059,endl
13,23,0.47,endl
13,23,0,endl
13,24,2.053,endl
13,24,0.13,endl
13,25,7.183,endl
13,26,22626297000000,endl
13,26,6.3452,endl
13,27,10000000000000000000000000000000000000000,endl
13,28,134.7,endl
13,29,393.6,endl
13,30,3.62,endl
13,31,0.644,endl
13,32,0.033,endl
13,32,0.0000002,endl
13,33,0.0417,endl
13,34,0.0563,endl
13,35,0.0372,endl
13,36,0.09,endl
13,37,0.0107,endl
13,38,0.0076,endl
13,39,0.0076,endl
13,40,0.00000026,endl
13,41,0.00000026,endl
13,42,0.00000017,endl
13,43,0.00000017,endl
14,22,0.029,endl
14,23,0.0423,endl
14,24,0.14,endl
14,25,0.22,endl
14,26,2.2453,endl
14,27,4.15,endl
14,28,10000000000000000000000000000000000000000,endl
14,29,10000000000000000000000000000000000000000,endl
14,30,10000000000000000000000000000000000000000,endl
14,31,9441.6,endl
14,32,4828205700,endl
14,33,6.11,endl
14,34,2.77,endl
14,35,0.78,endl
14,36,0.45,endl
14,37,0.09,endl
14,38,0.000001,endl
14,39,0.0475,endl
14,40,0.033,endl
14,41,0.0000002,endl
14,42,0.0125,endl
14,43,0.00000006,endl
14,44,0.00000036,endl
14,45,0,endl
15,24,0,endl
15,25,0.00000003,endl
15,26,0.0437,endl
15,27,0.26,endl
15,28,0.2703,endl
15,29,4.142,endl
15,30,149.88,endl
15,31,10000000000000000000000000000000000000000,endl
15,32,1232755.2,endl
15,33,2190240,endl
15,34,12.43,endl
15,35,47.3,endl
15,36,5.6,endl
15,37,2.31,endl
15,38,0.64,endl
15,39,0.28,endl
15,40,0.15,endl
15,41,0.1,endl
15,42,0.11,endl
15,43,0.0365,endl
15,44,0.0185,endl
15,45,0.0000002,endl
15,46,0,endl
15,47,0,endl
16,26,0,endl
16,27,0.0155,endl
16,28,0.125,endl
16,29,0.188,endl
16,30,1.178,endl
16,31,2.5534,endl
16,32,10000000000000000000000000000000000000000,endl
16,33,10000000000000000000000000000000000000000,endl
16,34,10000000000000000000000000000000000000000,endl
16,35,7548768,endl
16,36,10000000000000000000000000000000000000000,endl
16,37,303,endl
16,38,10218,endl
16,39,11.5,endl
16,40,8.8,endl
16,41,1.99,endl
16,42,1.013,endl
16,43,0.265,endl
16,44,0.1,endl
16,45,0.068,endl
16,46,0.05,endl
16,47,0,endl
16,48,0.0000002,endl
16,49,0,endl
17,28,0,endl
17,29,0.00000002,endl
17,30,0.00000003,endl
17,31,0.19,endl
17,32,0.298,endl
17,33,2.511,endl
17,34,1.5266,endl
17,34,1919.4,endl
17,35,0,endl
17,36,9508094000000,endl
17,37,10000000000000000000000000000000000000000,endl
17,38,2234.4,endl
17,38,0.715,endl
17,39,3372,endl
17,40,81,endl
17,41,38.4,endl
17,42,6.8,endl
17,43,3.13,endl
17,44,0.56,endl
17,45,0.413,endl
17,46,0.232,endl
17,47,0.101,endl
17,48,0.0000002,endl
17,49,0.00000017,endl
17,50,0.00000062,endl
17,51,0.0000002,endl
18,30,0,endl
18,31,0.0144,endl
18,32,0.098,endl
18,33,0.173,endl
18,34,0.8438,endl
18,35,1.7756,endl
18,36,10000000000000000000000000000000000000000,endl
18,37,3024950.4,endl
18,38,10000000000000000000000000000000000000000,endl
18,39,8488806100,endl
18,40,10000000000000000000000000000000000000000,endl
18,41,6576.6,endl
18,42,1038222000,endl
18,43,322.2,endl
18,44,712.2,endl
18,45,21.48,endl
18,46,8.4,endl
18,47,1.23,endl
18,48,0.475,endl
18,49,0.17,endl
18,50,0.085,endl
18,51,0.08,endl
18,52,0.00000062,endl
18,53,0.00000062,endl
19,32,0,endl
19,33,0.000000025,endl
19,34,0.000000025,endl
19,35,0.178,endl
19,36,0.341,endl
19,37,1.225,endl
19,38,458.16,endl
19,38,0.924,endl
19,38,0.00002195,endl
19,39,10000000000000000000000000000000000000000,endl
19,40,39383011000000000,endl
19,41,10000000000000000000000000000000000000000,endl
19,42,44496,endl
19,43,80280,endl
19,44,1327.8,endl
19,45,1068.6,endl
19,46,105,endl
19,47,17.5,endl
19,48,6.8,endl
19,49,1.26,endl
19,50,0.472,endl
19,51,0.365,endl
19,52,0.105,endl
19,53,0.03,endl
19,54,0.01,endl
19,55,0.00000036,endl
19,56,0.00000062,endl
20,34,0.000000035,endl
20,35,0.0257,endl
20,36,0.1012,endl
20,37,0.1811,endl
20,38,0.44,endl
20,39,0.8596,endl
20,40,10000000000000000000000000000000000000000,endl
20,41,3218803800000,endl
20,42,10000000000000000000000000000000000000000,endl
20,43,10000000000000000000000000000000000000000,endl
20,44,10000000000000000000000000000000000000000,endl
20,45,14049504,endl
20,46,10000000000000000000000000000000000000000,endl
20,47,391910.4,endl
20,48,599581100000000000000000000,endl
20,49,523.08,endl
20,50,13.9,endl
20,51,10,endl
20,52,4.6,endl
20,53,0.461,endl
20,54,0.107,endl
20,55,0.022,endl
20,56,0.011,endl
20,57,0.00000062,endl
20,58,0.00000062,endl
21,36,0,endl
21,37,0,endl
21,38,0,endl
21,39,0.0000003,endl
21,40,0.1823,endl
21,41,0.5963,endl
21,42,0.6813,endl
21,42,61.7,endl
21,43,14007.6,endl
21,43,0.000438,endl
21,44,14292,endl
21,44,210996,endl
21,45,10000000000000000000000000000000000000000,endl
21,45,0.318,endl
21,46,7239456,endl
21,46,18.75,endl
21,47,289370.88,endl
21,48,157212,endl
21,49,3430.8,endl
21,50,102.5,endl
21,50,0.35,endl
21,51,12.4,endl
21,52,8.2,endl
21,53,2.6,endl
21,54,0.526,endl
21,54,0,endl
21,55,0.105,endl
21,56,0.026,endl
21,56,0.075,endl
21,56,0.00000029,endl
21,57,0.013,endl
21,58,0.012,endl
21,59,0.00000036,endl
21,60,0,endl
21,61,0.00000062,endl
22,38,0,endl
22,39,0.031,endl
22,40,0.0533,endl
22,41,0.0804,endl
22,42,0.199,endl
22,43,0.509,endl
22,44,1865012800,endl
22,45,11088,endl
22,46,10000000000000000000000000000000000000000,endl
22,47,10000000000000000000000000000000000000000,endl
22,48,10000000000000000000000000000000000000000,endl
22,49,10000000000000000000000000000000000000000,endl
22,50,10000000000000000000000000000000000000000,endl
22,51,345.6,endl
22,52,102,endl
22,53,32.7,endl
22,54,2.1,endl
22,55,1.3,endl
22,56,0.2,endl
22,57,0.098,endl
22,58,0.058,endl
22,59,0.058,endl
22,60,0.022,endl
22,61,0.015,endl
22,62,0.00000062,endl
22,63,0.00000036,endl
22,64,0.00000062,endl
23,40,0,endl
23,41,0,endl
23,42,0.000000055,endl
23,43,0.0793,endl
23,44,0.111,endl
23,45,0.547,endl
23,46,0.4225,endl
23,46,0.00102,endl
23,47,1956,endl
23,48,1380110.4,endl
23,49,28512000,endl
23,50,4417966000000000000000000,endl
23,51,10000000000000000000000000000000000000000,endl
23,52,224.58,endl
23,53,92.58,endl
23,54,49.8,endl
23,54,0,endl
23,55,6.54,endl
23,56,0.216,endl
23,57,0.32,endl
23,58,0.191,endl
23,59,0.075,endl
23,60,0,endl
23,60,0.122,endl
23,60,0.04,endl
23,61,0.0483,endl
23,62,0.0336,endl
23,63,0.017,endl
23,64,0.015,endl
23,64,0.000001,endl
23,65,0.00000036,endl
23,66,0.00000036,endl
23,67,0.00000062,endl
24,42,0.0133,endl
24,43,0.0212,endl
24,44,0.0428,endl
24,45,0.0609,endl
24,46,0.26,endl
24,47,0.5,endl
24,48,77616,endl
24,49,2538,endl
24,50,41023970000000000000000000,endl
24,51,2393366.4,endl
24,52,10000000000000000000000000000000000000000,endl
24,53,10000000000000000000000000000000000000000,endl
24,54,10000000000000000000000000000000000000000,endl
24,55,209.82,endl
24,56,356.4,endl
24,57,21.1,endl
24,58,7,endl
24,59,0.46,endl
24,60,0.49,endl
24,61,0.237,endl
24,62,0.206,endl
24,63,0.129,endl
24,64,0.043,endl
24,65,0.027,endl
24,66,0.01,endl
24,67,0,endl
24,68,0.00000036,endl
24,69,0.00000062,endl
24,70,0.00000062,endl
25,44,0.000000105,endl
25,45,0,endl
25,46,0.0362,endl
25,47,0.1,endl
25,48,0.1581,endl
25,49,0.382,endl
25,50,0.28319,endl
25,50,105,endl
25,51,2772,endl
25,52,483062.4,endl
25,52,1266,endl
25,53,118022810000000,endl
25,54,26974080,endl
25,55,10000000000000000000000000000000000000000,endl
25,56,9284.04,endl
25,57,85.4,endl
25,58,3,endl
25,58,65.4,endl
25,59,4.59,endl
25,60,0.28,endl
25,60,1.77,endl
25,61,0.709,endl
25,62,0.092,endl
25,63,0.275,endl
25,64,0.09,endl
25,64,0.0005,endl
25,65,0.092,endl
25,66,0.065,endl
25,67,0.047,endl
25,68,0.028,endl
25,69,0.016,endl
25,70,0.00000036,endl
25,71,0.000000637,endl
25,72,0.00000062,endl
26,45,0.00189,endl
26,46,0.013,endl
26,47,0.0218,endl
26,48,0.044,endl
26,49,0.0647,endl
26,50,0.155,endl
26,51,0.305,endl
26,52,29790,endl
26,52,45.9,endl
26,53,510.6,endl
26,53,152.4,endl
26,54,10000000000000000000000000000000000000000,endl
26,55,86592134,endl
26,56,10000000000000000000000000000000000000000,endl
26,57,10000000000000000000000000000000000000000,endl
26,58,10000000000000000000000000000000000000000,endl
26,59,3844368,endl
26,60,82679078000000,endl
26,61,358.8,endl
26,61,0.000000238,endl
26,62,68,endl
26,63,6.1,endl
26,64,2,endl
26,65,0.81,endl
26,65,1.12,endl
26,66,0.44,endl
26,67,0.6,endl
26,67,0.000075,endl
26,68,0.188,endl
26,69,0.11,endl
26,70,0.094,endl
26,71,0.028,endl
26,72,0.00000015,endl
26,73,0.000000633,endl
26,74,0.000000638,endl
26,75,0.00000062,endl
27,47,0,endl
27,48,0,endl
27,49,0,endl
27,50,0.0388,endl
27,51,0.0000002,endl
27,52,0.115,endl
27,53,0.24,endl
27,53,0.247,endl
27,54,0.19328,endl
27,54,88.8,endl
27,55,63108,endl
27,56,6673190.4,endl
27,57,23478336,endl
27,58,6122304,endl
27,58,32760,endl
27,58,0.0000105,endl
27,59,10000000000000000000000000000000000000000,endl
27,60,166344190,endl
27,60,628.02,endl
27,61,5936.4,endl
27,62,92.4,endl
27,62,831.6,endl
27,63,27.4,endl
27,64,0.3,endl
27,65,1.16,endl
27,66,0.2,endl
27,67,0.425,endl
27,68,0.2,endl
27,69,0.227,endl
27,70,0.119,endl
27,71,0.08,endl
27,72,0.0599,endl
27,73,0.00000015,endl
27,74,0.03,endl
27,75,0.03,endl
27,76,0.0217,endl
27,77,0.013,endl
28,48,0.0021,endl
28,49,0.0075,endl
28,50,0.0185,endl
28,51,0.0000002,endl
28,52,0.0408,endl
28,53,0.0552,endl
28,54,0.1142,endl
28,55,0.2047,endl
28,56,524880,endl
28,57,128160,endl
28,58,10000000000000000000000000000000000000000,endl
28,59,2398324400000,endl
28,60,10000000000000000000000000000000000000000,endl
28,61,10000000000000000000000000000000000000000,endl
28,62,10000000000000000000000000000000000000000,endl
28,63,3193558300,endl
28,64,10000000000000000000000000000000000000000,endl
28,65,9063,endl
28,66,196560,endl
28,67,21,endl
28,67,0,endl
28,68,29,endl
28,69,11.4,endl
28,69,3.5,endl
28,69,0.000000439,endl
28,70,6,endl
28,71,2.56,endl
28,71,2.3,endl
28,72,1.57,endl
28,73,0.84,endl
28,74,0.68,endl
28,75,0.344,endl
28,76,0.238,endl
28,76,0.00000059,endl
28,77,0.128,endl
28,78,0.11,endl
28,79,0.043,endl
28,80,0.024,endl
29,52,0,endl
29,53,0.00000013,endl
29,54,0.000000075,endl
29,55,0.04,endl
29,56,0.093,endl
29,57,0.1963,endl
29,58,3.204,endl
29,59,81.5,endl
29,60,1422,endl
29,61,12020.4,endl
29,62,580.2,endl
29,63,10000000000000000000000000000000000000000,endl
29,64,45723.6,endl
29,65,10000000000000000000000000000000000000000,endl
29,66,307.2,endl
29,67,222588,endl
29,68,30.9,endl
29,68,225,endl
29,69,171,endl
29,69,0.000000357,endl
29,70,44.5,endl
29,70,33,endl
29,70,6.6,endl
29,71,19.4,endl
29,71,0,endl
29,72,6.63,endl
29,72,0,endl
29,73,4.2,endl
29,74,1.63,endl
29,75,1.224,endl
29,75,0.00000031,endl
29,75,0.000000149,endl
29,76,0.641,endl
29,76,0,endl
29,77,0.4679,endl
29,78,0.335,endl
29,79,0.241,endl
29,80,0.1136,endl
29,81,0.0732,endl
29,82,0.000000636,endl
30,54,0.00159,endl
30,55,0.02,endl
30,56,0.03,endl
30,57,0.04,endl
30,58,0.0867,endl
30,59,0.182,endl
30,60,142.8,endl
30,61,89.1,endl
30,62,33094.8,endl
30,63,2308.2,endl
30,64,10000000000000000000000000000000000000000,endl
30,65,21075552,endl
30,66,10000000000000000000000000000000000000000,endl
30,67,10000000000000000000000000000000000000000,endl
30,68,10000000000000000000000000000000000000000,endl
30,69,3384,endl
30,69,49521.6,endl
30,70,410239700000000000000000,endl
30,71,147,endl
30,71,14256,endl
30,72,167400,endl
30,73,23.5,endl
30,73,5.8,endl
30,73,0.013,endl
30,74,95.6,endl
30,75,10.2,endl
30,76,5.7,endl
30,77,2.08,endl
30,77,1.05,endl
30,78,1.47,endl
30,78,0.000000319,endl
30,79,0.746,endl
30,80,0.5619,endl
30,81,0.32,endl
30,82,0.228,endl
30,83,0.117,endl
30,84,0.000000633,endl
30,85,0.000000637,endl
31,56,0,endl
31,57,0,endl
31,58,0,endl
31,59,0,endl
31,60,0.07,endl
31,61,0.167,endl
31,62,0.116121,endl
31,63,32.4,endl
31,64,157.62,endl
31,64,0,endl
31,65,912,endl
31,66,34164,endl
31,67,281810.88,endl
31,68,4062.6,endl
31,69,10000000000000000000000000000000000000000,endl
31,70,1268.4,endl
31,71,10000000000000000000000000000000000000000,endl
31,72,50760,endl
31,73,17496,endl
31,74,487.2,endl
31,74,9.5,endl
31,75,126,endl
31,76,32.6,endl
31,77,13.2,endl
31,78,5.09,endl
31,78,0.0000005,endl
31,79,2.847,endl
31,80,1.9,endl
31,80,1.3,endl
31,81,1.217,endl
31,82,0.599,endl
31,83,0.3081,endl
31,84,0.085,endl
31,85,0.092,endl
31,86,0.043,endl
31,87,0.000000634,endl
32,58,0,endl
32,59,0,endl
32,60,0.00000011,endl
32,61,0.044,endl
32,62,0.129,endl
32,63,0.15,endl
32,64,63.7,endl
32,65,30.9,endl
32,66,8136,endl
32,67,1134,endl
32,68,23408352,endl
32,69,140580,endl
32,69,0.0000051,endl
32,70,10000000000000000000000000000000000000000,endl
32,71,987552,endl
32,71,0.02041,endl
32,72,10000000000000000000000000000000000000000,endl
32,73,10000000000000000000000000000000000000000,endl
32,73,0.499,endl
32,74,10000000000000000000000000000000000000000,endl
32,75,4966.8,endl
32,75,47.7,endl
32,76,10000000000000000000000000000000000000000,endl
32,77,40359.6,endl
32,77,53.7,endl
32,78,5280,endl
32,79,18.98,endl
32,79,39,endl
32,80,29.5,endl
32,81,7.6,endl
32,81,7.6,endl
32,82,4.56,endl
32,83,1.85,endl
32,84,0.954,endl
32,85,0.503,endl
32,86,0.226,endl
32,87,0.14,endl
32,88,0.0000003,endl
32,89,0.0000003,endl
32,90,0.000000635,endl
33,60,0,endl
33,61,0,endl
33,62,0,endl
33,63,0.000000043,endl
33,64,0.018,endl
33,65,0.128,endl
33,66,0.09577,endl
33,67,42.5,endl
33,68,151.6,endl
33,69,912,endl
33,70,3156,endl
33,71,235080,endl
33,72,93600,endl
33,73,6937920,endl
33,74,1535328,endl
33,75,10000000000000000000000000000000000000000,endl
33,75,0.01762,endl
33,76,94464,endl
33,77,139644,endl
33,77,0.000114,endl
33,78,5442,endl
33,79,540.6,endl
33,79,0.00000087,endl
33,80,15.2,endl
33,81,33.3,endl
33,82,19.1,endl
33,82,0,endl
33,83,13.4,endl
33,84,4.2,endl
33,84,0,endl
33,85,2.021,endl
33,86,0.945,endl
33,87,0.56,endl
33,88,0.2,endl
33,89,0.0000003,endl
33,90,0.0000003,endl
33,91,0,endl
33,92,0,endl
34,64,0.00000018,endl
34,65,0.033,endl
34,66,0.042,endl
34,67,0.136,endl
34,68,35.5,endl
34,69,27.4,endl
34,69,0.00000096,endl
34,70,2466,endl
34,71,284.4,endl
34,72,725760,endl
34,73,25740,endl
34,73,2388,endl
34,74,10000000000000000000000000000000000000000,endl
34,75,10348992,endl
34,76,10000000000000000000000000000000000000000,endl
34,77,10000000000000000000000000000000000000000,endl
34,77,17.36,endl
34,78,10000000000000000000000000000000000000000,endl
34,79,9309285500000,endl
34,79,235.2,endl
34,80,10000000000000000000000000000000000000000,endl
34,81,1107,endl
34,81,3436.8,endl
34,82,10000000000000000000000000000000000000000,endl
34,83,1338,endl
34,83,70.1,endl
34,84,195.6,endl
34,85,32.9,endl
34,86,14.3,endl
34,87,5.5,endl
34,88,1.53,endl
34,89,0.43,endl
34,90,0.195,endl
34,91,0.27,endl
34,92,0,endl
34,92,0,endl
34,93,0,endl
34,94,0.00000015,endl
34,95,0.000000392,endl
35,67,0,endl
35,68,0,endl
35,69,0.000000024,endl
35,70,0.0791,endl
35,70,2.2,endl
35,71,21.4,endl
35,72,78.6,endl
35,72,10.6,endl
35,73,204,endl
35,74,1524,endl
35,74,2760,endl
35,75,5802,endl
35,76,58320,endl
35,76,1.31,endl
35,77,205344,endl
35,77,256.8,endl
35,78,387,endl
35,78,0.0001194,endl
35,79,10000000000000000000000000000000000000000,endl
35,79,4.86,endl
35,80,1060.8,endl
35,80,15913.8,endl
35,81,10000000000000000000000000000000000000000,endl
35,82,127015.2,endl
35,82,367.8,endl
35,83,8546.4,endl
35,84,1905.6,endl
35,84,360,endl
35,85,174,endl
35,86,55.1,endl
35,87,55.65,endl
35,88,16.34,endl
35,88,0.0000053,endl
35,89,4.357,endl
35,90,1.91,endl
35,91,0.543,endl
35,92,0.314,endl
35,93,0.102,endl
35,94,0.07,endl
35,95,0.00000015,endl
35,95,0,endl
35,96,0.00000015,endl
35,96,0,endl
35,97,0.0000003,endl
35,98,0.000000634,endl
36,69,0.028,endl
36,70,0.052,endl
36,71,0.1,endl
36,72,17.1,endl
36,73,27.3,endl
36,73,0.000000107,endl
36,74,690,endl
36,75,276,endl
36,76,53280,endl
36,77,4464,endl
36,78,10000000000000000000000000000000000000000,endl
36,79,126144,endl
36,79,50,endl
36,80,10000000000000000000000000000000000000000,endl
36,81,7226530100000,endl
36,81,13.1,endl
36,82,10000000000000000000000000000000000000000,endl
36,83,10000000000000000000000000000000000000000,endl
36,83,6588,endl
36,84,10000000000000000000000000000000000000000,endl
36,84,0.00000183,endl
36,85,338889550,endl
36,85,16128,endl
36,86,10000000000000000000000000000000000000000,endl
36,87,4578,endl
36,88,10170,endl
36,89,189,endl
36,90,32.32,endl
36,91,8.57,endl
36,92,1.84,endl
36,93,1.286,endl
36,94,0.212,endl
36,95,0.114,endl
36,96,0.08,endl
36,97,0.063,endl
36,98,0.046,endl
36,99,0.013,endl
36,100,0.007,endl
36,101,0.000000635,endl
37,71,0,endl
37,72,0,endl
37,73,0.00000003,endl
37,74,0.064776,endl
37,75,19,endl
37,76,36.5,endl
37,77,226.8,endl
37,78,1059.6,endl
37,78,344.4,endl
37,79,1374,endl
37,80,33.4,endl
37,81,16459.2,endl
37,81,1830,endl
37,82,75.45,endl
37,82,23299.2,endl
37,83,7447680,endl
37,83,0.0003,endl
37,84,2835648,endl
37,84,1215.6,endl
37,85,10000000000000000000000000000000000000000,endl
37,85,0.000001015,endl
37,86,1610668.8,endl
37,86,61.02,endl
37,87,1517886900000000000,endl
37,88,1066.38,endl
37,88,0.000000123,endl
37,89,919.2,endl
37,90,158,endl
37,90,258,endl
37,91,58.2,endl
37,92,4.48,endl
37,93,5.84,endl
37,94,2.702,endl
37,95,0.3777,endl
37,96,0.203,endl
37,96,0,endl
37,97,0.1691,endl
37,97,0,endl
37,98,0.114,endl
37,98,0.096,endl
37,99,0.054,endl
37,100,0.051,endl
37,101,0.032,endl
37,102,0.037,endl
37,103,0.023,endl
38,73,0.025,endl
38,74,0.027,endl
38,75,0.088,endl
38,76,7.89,endl
38,77,9,endl
38,78,160,endl
38,79,135,endl
38,80,6378,endl
38,81,1338,endl
38,82,2190240,endl
38,83,116676,endl
38,83,4.95,endl
38,84,10000000000000000000000000000000000000000,endl
38,85,5602953.6,endl
38,85,4057.8,endl
38,86,10000000000000000000000000000000000000000,endl
38,86,0.000000455,endl
38,87,10000000000000000000000000000000000000000,endl
38,87,10134,endl
38,88,10000000000000000000000000000000000000000,endl
38,89,4368643.2,endl
38,90,908523150,endl
38,91,34740,endl
38,92,9399.6,endl
38,93,445.8,endl
38,94,75.3,endl
38,95,23.9,endl
38,96,1.07,endl
38,97,0.429,endl
38,98,0.653,endl
38,99,0.269,endl
38,100,0.202,endl
38,101,0.118,endl
38,102,0.069,endl
38,103,0.053,endl
38,104,0.053,endl
38,105,0.039,endl
38,106,0.02,endl
38,107,0.000000395,endl
39,76,0.0000002,endl
39,77,0.057,endl
39,78,0.053,endl
39,78,0,endl
39,79,14.8,endl
39,80,30.1,endl
39,80,4.8,endl
39,80,0.0000047,endl
39,81,70.4,endl
39,82,8.3,endl
39,83,424.8,endl
39,83,171,endl
39,84,2370,endl
39,84,4.6,endl
39,85,9648,endl
39,85,17496,endl
39,86,53064,endl
39,86,2844,endl
39,87,287280,endl
39,87,48132,endl
39,88,9212486.4,endl
39,88,0.000301,endl
39,88,0.01398,endl
39,89,10000000000000000000000000000000000000000,endl
39,89,15.663,endl
39,90,230400,endl
39,90,11484,endl
39,91,5055264,endl
39,91,2982.6,endl
39,92,12744,endl
39,93,36648,endl
39,93,0.82,endl
39,94,1122,endl
39,94,0,endl
39,95,618,endl
39,96,5.34,endl
39,96,9.6,endl
39,97,3.75,endl
39,97,1.17,endl
39,97,0.142,endl
39,98,0.548,endl
39,98,2,endl
39,99,1.484,endl
39,99,0,endl
39,100,0.735,endl
39,100,0.94,endl
39,101,0.45,endl
39,102,0.36,endl
39,103,0.23,endl
39,104,0.18,endl
39,105,0,endl
39,106,0.00000015,endl
39,107,0.03,endl
39,108,0.000000631,endl
39,109,0.025,endl
40,78,0.00000017,endl
40,79,0.056,endl
40,80,4.6,endl
40,81,5.5,endl
40,82,32,endl
40,83,42,endl
40,83,0,endl
40,84,1548,endl
40,85,471.6,endl
40,85,10.9,endl
40,86,59400,endl
40,87,6048,endl
40,87,14,endl
40,88,7205760,endl
40,88,0,endl
40,89,282276,endl
40,89,249.66,endl
40,90,10000000000000000000000000000000000000000,endl
40,90,0.8092,endl
40,91,10000000000000000000000000000000000000000,endl
40,91,0.00000435,endl
40,92,10000000000000000000000000000000000000000,endl
40,93,50806609000000,endl
40,94,10000000000000000000000000000000000000000,endl
40,95,5532364.8,endl
40,96,631138000000000000000000000,endl
40,97,60296.4,endl
40,98,30.7,endl
40,99,2.1,endl
40,100,7.1,endl
40,101,2.3,endl
40,102,2.9,endl
40,103,1.3,endl
40,104,1.2,endl
40,105,0.6,endl
40,106,0.191,endl
40,107,0.15,endl
40,108,0.073,endl
40,109,0,endl
40,110,0.037,endl
40,111,0.000000392,endl
40,112,0.0000004,endl
41,81,0.0000002,endl
41,82,0.05,endl
41,83,3.9,endl
41,84,9.8,endl
41,84,0.000000103,endl
41,85,20.5,endl
41,85,12,endl
41,85,3.3,endl
41,86,88,endl
41,86,0,endl
41,86,56,endl
41,87,225,endl
41,87,156,endl
41,88,870,endl
41,88,462,endl
41,89,7308,endl
41,89,3960,endl
41,90,52560,endl
41,90,0,endl
41,90,18.81,endl
41,90,0.00619,endl
41,91,21458692000,endl
41,91,5258304,endl
41,92,1095024400000000,endl
41,92,876960,endl
41,93,10000000000000000000000000000000000000000,endl
41,93,508697230,endl
41,94,640605070000,endl
41,94,375.78,endl
41,95,3023222.4,endl
41,95,311904,endl
41,96,84060,endl
41,97,4326,endl
41,97,58.7,endl
41,98,2.86,endl
41,98,3078,endl
41,99,15,endl
41,99,150,endl
41,100,1.5,endl
41,100,2.99,endl
41,100,0.00000046,endl
41,100,0.000013,endl
41,101,7.1,endl
41,102,4.3,endl
41,102,1.3,endl
41,103,1.5,endl
41,104,4.9,endl
41,104,0.94,endl
41,105,2.95,endl
41,106,0.93,endl
41,107,0.3,endl
41,108,0.193,endl
41,109,0.19,endl
41,110,0.082,endl
41,111,0.08,endl
41,112,0.033,endl
41,113,0.03,endl
41,114,0.000000392,endl
41,115,0.023,endl
42,81,0.00000045,endl
42,82,0.000000437,endl
42,83,0.006,endl
42,84,2.3,endl
42,85,3.2,endl
42,86,19.1,endl
42,87,14.02,endl
42,88,480,endl
42,89,126.6,endl
42,89,0.19,endl
42,90,20016,endl
42,90,0,endl
42,91,929.4,endl
42,91,64.6,endl
42,92,10000000000000000000000000000000000000000,endl
42,93,126227600000,endl
42,93,24660,endl
42,94,10000000000000000000000000000000000000000,endl
42,95,10000000000000000000000000000000000000000,endl
42,96,10000000000000000000000000000000000000000,endl
42,97,10000000000000000000000000000000000000000,endl
42,98,10000000000000000000000000000000000000000,endl
42,99,237513.6,endl
42,100,230365370000000000000000000,endl
42,101,876.6,endl
42,102,678,endl
42,103,67.5,endl
42,104,60,endl
42,105,35.6,endl
42,106,8.73,endl
42,107,3.5,endl
42,108,1.09,endl
42,109,0.53,endl
42,110,0.296,endl
42,111,0.2,endl
42,112,0.12,endl
42,113,0.1,endl
42,114,0.06,endl
42,115,0.051,endl
42,116,0.000000391,endl
42,117,0.000000393,endl
42,118,0.019,endl
43,85,0.0000001,endl
43,86,0.055,endl
43,87,2.2,endl
43,88,0,endl
43,88,6.4,endl
43,88,5.8,endl
43,89,12.8,endl
43,89,12.9,endl
43,90,0,endl
43,90,8.7,endl
43,90,49.2,endl
43,91,188.4,endl
43,91,198,endl
43,92,255,endl
43,93,9900,endl
43,93,2610,endl
43,94,17580,endl
43,94,3120,endl
43,95,72000,endl
43,95,5270400,endl
43,96,369792,endl
43,96,3090,endl
43,97,132854550000000,endl
43,97,7862400,endl
43,98,132538980000000,endl
43,99,6661661600000,endl
43,99,21624.12,endl
43,100,15.46,endl
43,100,0.00000832,endl
43,100,0.0000032,endl
43,101,853.2,endl
43,102,5.28,endl
43,102,261,endl
43,103,54.2,endl
43,104,1098,endl
43,105,456,endl
43,106,35.6,endl
43,107,21.2,endl
43,108,5.17,endl
43,109,0.86,endl
43,110,0.9,endl
43,111,0.29,endl
43,112,0.271,endl
43,113,0.16,endl
43,114,0.1,endl
43,115,0.083,endl
43,116,0.056,endl
43,117,0.04,endl
43,118,0.038,endl
43,119,0.000000392,endl
43,120,0.000000394,endl
43,121,0.022,endl
44,85,0.00000045,endl
44,86,0.000000438,endl
44,87,0,endl
44,88,1.2,endl
44,89,1.5,endl
44,90,11,endl
44,91,8,endl
44,92,219,endl
44,93,59.7,endl
44,93,10.8,endl
44,94,3108,endl
44,95,5914.8,endl
44,96,10000000000000000000000000000000000000000,endl
44,97,244512,endl
44,98,10000000000000000000000000000000000000000,endl
44,99,10000000000000000000000000000000000000000,endl
44,100,10000000000000000000000000000000000000000,endl
44,101,10000000000000000000000000000000000000000,endl
44,102,10000000000000000000000000000000000000000,endl
44,103,3390940.8,endl
44,103,0.00169,endl
44,104,10000000000000000000000000000000000000000,endl
44,105,15984,endl
44,106,32123520,endl
44,107,225,endl
44,108,273,endl
44,109,34.5,endl
44,110,12.04,endl
44,111,2.12,endl
44,112,1.75,endl
44,113,0.8,endl
44,113,0,endl
44,114,0.54,endl
44,115,0.318,endl
44,116,0.204,endl
44,117,0.142,endl
44,117,0,endl
44,118,0.123,endl
44,119,0.0000003,endl
44,120,0.00000015,endl
44,121,0.00000039,endl
44,122,0.000000392,endl
44,123,0.000000394,endl
44,124,0.000000396,endl
45,89,0,endl
45,90,0.00000015,endl
45,90,0,endl
45,91,1.47,endl
45,91,1.46,endl
45,92,4.66,endl
45,92,0,endl
45,93,12.2,endl
45,94,70.6,endl
45,94,0,endl
45,95,301.2,endl
45,95,117.6,endl
45,96,594,endl
45,96,90.6,endl
45,97,1842,endl
45,97,2772,endl
45,98,523.2,endl
45,98,0,endl
45,99,1391040,endl
45,99,16920,endl
45,100,74880,endl
45,100,276,endl
45,101,104137770,endl
45,101,374976,endl
45,102,17910720,endl
45,102,118085920,endl
45,103,10000000000000000000000000000000000000000,endl
45,103,3366.84,endl
45,104,42.3,endl
45,104,260.4,endl
45,105,127296,endl
45,105,42.9,endl
45,106,30.07,endl
45,106,7860,endl
45,107,1302,endl
45,108,16.8,endl
45,108,0,endl
45,109,80,endl
45,110,0,endl
45,110,3.35,endl
45,110,28,endl
45,111,11,endl
45,112,3.6,endl
45,112,0,endl
45,113,2.8,endl
45,114,1.85,endl
45,114,1.85,endl
45,115,0.99,endl
45,116,0.68,endl
45,116,0.57,endl
45,117,0.44,endl
45,118,0.266,endl
45,119,0.171,endl
45,120,0.136,endl
45,120,0.000000294,endl
45,121,0.151,endl
45,122,0.0000003,endl
45,122,0.00000082,endl
45,123,0.000000403,endl
45,124,0.000000391,endl
45,125,0.000000393,endl
45,126,0.000000395,endl
45,127,0.02,endl
46,91,0,endl
46,92,1,endl
46,93,1,endl
46,94,9,endl
46,95,5,endl
46,95,13.3,endl
46,96,122,endl
46,97,186,endl
46,98,1062,endl
46,99,1284,endl
46,100,313632,endl
46,101,30492,endl
46,102,10000000000000000000000000000000000000000,endl
46,103,1468022.4,endl
46,104,10000000000000000000000000000000000000000,endl
46,105,10000000000000000000000000000000000000000,endl
46,106,10000000000000000000000000000000000000000,endl
46,107,205119850000000,endl
46,107,21.3,endl
46,107,21.3,endl
46,108,10000000000000000000000000000000000000000,endl
46,109,49324.32,endl
46,109,281.76,endl
46,110,10000000000000000000000000000000000000000,endl
46,111,1404,endl
46,111,19800,endl
46,112,75744,endl
46,113,93,endl
46,113,0.3,endl
46,114,145.2,endl
46,115,25,endl
46,115,50,endl
46,116,11.8,endl
46,117,4.3,endl
46,118,1.9,endl
46,119,0.92,endl
46,120,0.492,endl
46,121,0.285,endl
46,122,0.175,endl
46,123,0.00000015,endl
46,124,0.038,endl
46,124,0.00002,endl
46,125,0.00000023,endl
46,126,0.00000023,endl
46,126,0.00000033,endl
46,126,0.00000044,endl
46,127,0.000000392,endl
46,128,0.000000394,endl
46,128,0.0000058,endl
46,129,0.031,endl
47,93,0,endl
47,94,0.026,endl
47,94,0.55,endl
47,94,0.4,endl
47,95,1.75,endl
47,95,0.5,endl
47,96,4.4,endl
47,96,0,endl
47,97,25.5,endl
47,98,47.5,endl
47,99,124,endl
47,99,10.5,endl
47,100,120.6,endl
47,100,134.4,endl
47,101,666,endl
47,101,3.1,endl
47,102,774,endl
47,102,462,endl
47,103,3942,endl
47,103,5.7,endl
47,104,4152,endl
47,104,2010,endl
47,105,3567456,endl
47,105,433.8,endl
47,106,1437.6,endl
47,106,715392,endl
47,107,10000000000000000000000000000000000000000,endl
47,107,44.3,endl
47,108,142.92,endl
47,108,13821922000,endl
47,109,10000000000000000000000000000000000000000,endl
47,109,39.6,endl
47,110,24.56,endl
47,110,21585312,endl
47,111,643680,endl
47,111,64.8,endl
47,112,11268,endl
47,113,19332,endl
47,113,68.7,endl
47,114,4.6,endl
47,114,0.0015,endl
47,115,1200,endl
47,115,18,endl
47,116,230,endl
47,116,20,endl
47,116,9.3,endl
47,117,72.8,endl
47,117,5.34,endl
47,118,3.76,endl
47,118,2,endl
47,119,0,endl
47,119,2.1,endl
47,119,6,endl
47,120,1.23,endl
47,120,0.32,endl
47,121,0.78,endl
47,122,0.529,endl
47,122,0.55,endl
47,122,0.2,endl
47,123,0.3,endl
47,124,0.172,endl
47,124,0,endl
47,125,0.166,endl
47,126,0.107,endl
47,126,0,endl
47,127,0.109,endl
47,128,0.058,endl
47,129,0.046,endl
47,129,0,endl
47,130,0.05,endl
47,131,0.000000205,endl
47,132,0.028,endl
48,93,0,endl
48,94,0,endl
48,95,0,endl
48,96,1.03,endl
48,96,0,endl
48,97,2.8,endl
48,97,0,endl
48,98,9.2,endl
48,99,16,endl
48,100,49.1,endl
48,101,81.6,endl
48,102,330,endl
48,103,438,endl
48,104,3462,endl
48,105,3330,endl
48,106,10000000000000000000000000000000000000000,endl
48,107,23400,endl
48,108,10000000000000000000000000000000000000000,endl
48,109,39864960,endl
48,110,10000000000000000000000000000000000000000,endl
48,111,10000000000000000000000000000000000000000,endl
48,111,2910,endl
48,112,10000000000000000000000000000000000000000,endl
48,113,253717480000000000000000,endl
48,113,444952290,endl
48,114,10000000000000000000000000000000000000000,endl
48,115,192456,endl
48,115,3849984,endl
48,116,1041377700000000000000000000,endl
48,117,8964,endl
48,117,12096,endl
48,118,3018,endl
48,119,161.4,endl
48,119,132,endl
48,120,50.8,endl
48,121,13.5,endl
48,121,8.3,endl
48,122,5.24,endl
48,123,2.1,endl
48,123,1.82,endl
48,124,1.25,endl
48,125,0.68,endl
48,125,0.48,endl
48,126,0.515,endl
48,127,0.37,endl
48,127,0,endl
48,128,0.28,endl
48,128,0,endl
48,129,0.104,endl
48,129,0.242,endl
48,129,0.0036,endl
48,130,0.162,endl
48,131,0.068,endl
48,132,0.097,endl
48,133,0.057,endl
48,134,0.065,endl
49,97,0,endl
49,98,0.032,endl
49,98,0,endl
49,99,3,endl
49,100,5.8,endl
49,101,15.1,endl
49,102,23.3,endl
49,103,65,endl
49,103,34,endl
49,104,108,endl
49,104,15.7,endl
49,105,304.2,endl
49,105,48,endl
49,106,372,endl
49,106,312,endl
49,107,1944,endl
49,107,50.4,endl
49,108,3480,endl
49,108,2376,endl
49,109,15001.2,endl
49,109,80.4,endl
49,109,0.209,endl
49,110,17712,endl
49,110,4146,endl
49,111,242326.08,endl
49,111,462,endl
49,112,892.8,endl
49,112,1240.2,endl
49,112,0.00000069,endl
49,112,0.00000281,endl
49,113,10000000000000000000000000000000000000000,endl
49,113,5968.56,endl
49,114,71.9,endl
49,114,4277664,endl
49,114,0.0431,endl
49,115,13916593000000000000000,endl
49,115,16149.6,endl
49,116,14.1,endl
49,116,3257.4,endl
49,116,2.18,endl
49,117,2592,endl
49,117,6972,endl
49,118,5,endl
49,118,267,endl
49,118,8.5,endl
49,119,144,endl
49,119,1080,endl
49,120,3.08,endl
49,120,47.3,endl
49,120,46.2,endl
49,121,23.1,endl
49,121,232.8,endl
49,122,1.5,endl
49,122,10.3,endl
49,122,10.8,endl
49,123,6.17,endl
49,123,47.4,endl
49,124,3.12,endl
49,124,3.7,endl
49,125,2.36,endl
49,125,12.2,endl
49,126,1.53,endl
49,126,1.64,endl
49,127,1.09,endl
49,127,3.67,endl
49,128,0.84,endl
49,128,0.72,endl
49,129,0.611,endl
49,129,1.23,endl
49,129,0.67,endl
49,129,0.0000087,endl
49,129,0.11,endl
49,130,0.29,endl
49,130,0.54,endl
49,130,0.0000031,endl
49,130,0.54,endl
49,131,0.28,endl
49,131,0.35,endl
49,131,0.32,endl
49,132,0.207,endl
49,133,0.165,endl
49,133,0.18,endl
49,134,0.14,endl
49,135,0.092,endl
49,136,0.085,endl
49,137,0.065,endl
50,99,0,endl
50,100,1.16,endl
50,101,1.7,endl
50,102,3.8,endl
50,103,7,endl
50,104,20.8,endl
50,105,34,endl
50,106,115,endl
50,107,174,endl
50,108,618,endl
50,109,1080,endl
50,110,14954.4,endl
50,111,2118,endl
50,112,10000000000000000000000000000000000000000,endl
50,113,9943776,endl
50,113,1284,endl
50,114,10000000000000000000000000000000000000000,endl
50,115,10000000000000000000000000000000000000000,endl
50,116,10000000000000000000000000000000000000000,endl
50,117,10000000000000000000000000000000000000000,endl
50,117,1209600,endl
50,118,10000000000000000000000000000000000000000,endl
50,119,10000000000000000000000000000000000000000,endl
50,119,25323840,endl
50,120,10000000000000000000000000000000000000000,endl
50,121,97308,endl
50,121,1385347900,endl
50,122,10000000000000000000000000000000000000000,endl
50,123,11162880,endl
50,123,2403.6,endl
50,124,10000000000000000000000000000000000000000,endl
50,124,0.000045,endl
50,125,832896,endl
50,125,571.2,endl
50,126,7258087000000,endl
50,127,7560,endl
50,127,247.8,endl
50,128,3544.2,endl
50,128,6.5,endl
50,129,133.8,endl
50,129,414,endl
50,129,0.0000034,endl
50,129,0.00000222,endl
50,129,0.000000217,endl
50,130,223.2,endl
50,130,102,endl
50,131,56,endl
50,132,39.7,endl
50,132,0.00000203,endl
50,133,1.46,endl
50,134,1.05,endl
50,135,0.53,endl
50,136,0.29,endl
50,137,0.19,endl
50,138,0.26,endl
50,138,0.00000021,endl
50,139,0.13,endl
51,103,0.000000049,endl
51,104,0.44,endl
51,105,1.22,endl
51,106,0.6,endl
51,107,4,endl
51,108,7.4,endl
51,109,17,endl
51,110,23.6,endl
51,111,75,endl
51,112,53.5,endl
51,113,400.2,endl
51,114,209.4,endl
51,115,1926,endl
51,116,948,endl
51,116,3618,endl
51,117,10080,endl
51,118,216,endl
51,118,18000,endl
51,119,137484,endl
51,119,0.85,endl
51,120,953.4,endl
51,120,0,endl
51,121,10000000000000000000000000000000000000000,endl
51,122,235336.32,endl
51,122,0.00053,endl
51,122,251.46,endl
51,123,10000000000000000000000000000000000000000,endl
51,124,5201280,endl
51,124,93,endl
51,124,1212,endl
51,125,87051602,endl
51,126,1067040,endl
51,126,1149,endl
51,126,11,endl
51,127,332640,endl
51,128,32436,endl
51,128,0,endl
51,129,15717.6,endl
51,129,1062,endl
51,129,0.0000022,endl
51,129,0.0000011,endl
51,130,2370,endl
51,130,378,endl
51,131,1381.8,endl
51,132,167.4,endl
51,132,0,endl
51,133,140.4,endl
51,133,0.000016,endl
51,134,0.78,endl
51,134,10.07,endl
51,135,1.679,endl
51,136,0.923,endl
51,137,0.45,endl
51,138,0.0000003,endl
51,139,0.00000015,endl
51,140,0.000000407,endl
52,105,0.00000062,endl
52,106,0.00007,endl
52,107,0.0031,endl
52,108,2.1,endl
52,109,4.6,endl
52,110,18.6,endl
52,111,19.3,endl
52,112,120,endl
52,113,102,endl
52,114,912,endl
52,115,348,endl
52,115,402,endl
52,116,8964,endl
52,117,3720,endl
52,117,0.103,endl
52,118,518400,endl
52,119,57780,endl
52,119,406080,endl
52,120,10000000000000000000000000000000000000000,endl
52,121,1656288,endl
52,121,14186880,endl
52,122,10000000000000000000000000000000000000000,endl
52,123,2903234800000000000000000,endl
52,123,10298880,endl
52,124,10000000000000000000000000000000000000000,endl
52,125,10000000000000000000000000000000000000000,endl
52,125,4959360,endl
52,126,10000000000000000000000000000000000000000,endl
52,127,33660,endl
52,127,9167040,endl
52,128,242988130000000000000000000000000,endl
52,129,4176,endl
52,129,2903040,endl
52,130,24929951000000000000000000000,endl
52,131,1500,endl
52,131,119700,endl
52,131,0.093,endl
52,132,276825.6,endl
52,132,0.0000281,endl
52,132,0.0000037,endl
52,133,750,endl
52,133,3324,endl
52,134,2508,endl
52,134,1.641E-007,endl
52,135,19,endl
52,135,0.000000511,endl
52,136,17.63,endl
52,137,2.49,endl
52,138,1.4,endl
52,139,0.00000015,endl
52,140,0,endl
52,141,0,endl
52,142,0,endl
52,143,0.000000408,endl
52,144,0,endl
53,107,0,endl
53,108,0.036,endl
53,109,0.000103,endl
53,110,0.664,endl
53,111,2.5,endl
53,112,3.34,endl
53,113,6.6,endl
53,114,2.1,endl
53,114,6.2,endl
53,115,78,endl
53,116,2.91,endl
53,117,133.2,endl
53,118,822,endl
53,118,510,endl
53,119,1146,endl
53,120,4896,endl
53,120,3180,endl
53,121,7632,endl
53,122,217.8,endl
53,123,47604.6,endl
53,124,360806.4,endl
53,125,5132764.8,endl
53,126,1117152,endl
53,127,10000000000000000000000000000000000000000,endl
53,128,1499.4,endl
53,129,495443330000000,endl
53,130,44496,endl
53,130,530.4,endl
53,131,693377.28,endl
53,132,8262,endl
53,132,4993.2,endl
53,133,74988,endl
53,133,9,endl
53,133,0.00000078,endl
53,133,0.000000469,endl
53,134,3150,endl
53,134,211.2,endl
53,135,23688,endl
53,136,83.4,endl
53,136,46.9,endl
53,137,24.5,endl
53,138,6.23,endl
53,139,2.28,endl
53,140,0.86,endl
53,141,0.43,endl
53,142,0.222,endl
53,143,0.13,endl
53,144,0.0000003,endl
53,145,0.000000407,endl
54,109,0.013,endl
54,110,0.093,endl
54,111,0.74,endl
54,111,0,endl
54,112,2.7,endl
54,113,2.74,endl
54,114,10,endl
54,115,18,endl
54,116,59,endl
54,117,61,endl
54,118,228,endl
54,119,348,endl
54,120,2400,endl
54,121,2406,endl
54,122,72360,endl
54,123,7488,endl
54,124,5049104000000000000000,endl
54,125,60840,endl
54,125,57,endl
54,126,10000000000000000000000000000000000000000,endl
54,127,3140294.4,endl
54,127,69.2,endl
54,128,10000000000000000000000000000000000000000,endl
54,129,10000000000000000000000000000000000000000,endl
54,129,767232,endl
54,130,10000000000000000000000000000000000000000,endl
54,131,10000000000000000000000000000000000000000,endl
54,131,1022976,endl
54,132,10000000000000000000000000000000000000000,endl
54,132,0.00839,endl
54,133,453384,endl
54,133,189907.2,endl
54,134,1830300200000000000000000000000,endl
54,134,0.29,endl
54,135,32904,endl
54,135,917.4,endl
54,136,11360484000000000000000000000,endl
54,137,229.08,endl
54,138,844.8,endl
54,139,39.68,endl
54,140,13.6,endl
54,141,1.73,endl
54,142,1.23,endl
54,143,0.511,endl
54,143,0,endl
54,144,1.15,endl
54,145,0.188,endl
54,146,0,endl
54,147,0.1,endl
54,148,0.0000004,endl
55,112,0.00049,endl
55,113,0.0000177,endl
55,114,0.57,endl
55,115,1.4,endl
55,116,0.7,endl
55,116,3.85,endl
55,117,8.4,endl
55,117,0,endl
55,118,14,endl
55,118,17,endl
55,119,43,endl
55,119,30.4,endl
55,120,61.3,endl
55,120,57,endl
55,121,155,endl
55,121,122,endl
55,122,21.18,endl
55,122,0.36,endl
55,122,222,endl
55,123,352.8,endl
55,123,1.64,endl
55,124,30.9,endl
55,124,6.3,endl
55,125,2802,endl
55,126,98.4,endl
55,127,22500,endl
55,128,219.6,endl
55,129,115416,endl
55,129,0.000000718,endl
55,130,1752.6,endl
55,130,207.6,endl
55,131,837129.6,endl
55,132,559872,endl
55,133,10000000000000000000000000000000000000000,endl
55,134,65171310,endl
55,134,10483.2,endl
55,135,72580870000000,endl
55,135,3180,endl
55,136,1137024,endl
55,136,0,endl
55,137,949231550,endl
55,138,2004.6,endl
55,138,174.6,endl
55,139,556.2,endl
55,140,63.7,endl
55,141,24.84,endl
55,142,1.684,endl
55,143,1.791,endl
55,144,0.994,endl
55,145,0.587,endl
55,146,0.321,endl
55,147,0.23,endl
55,148,0.146,endl
55,149,0.05,endl
55,150,0.05,endl
55,151,0.05,endl
55,152,0,endl
56,114,0.43,endl
56,115,0.45,endl
56,116,1.3,endl
56,117,1.75,endl
56,118,5.5,endl
56,119,5.4,endl
56,120,24,endl
56,121,29.7,endl
56,122,117,endl
56,123,162,endl
56,124,660,endl
56,125,198,endl
56,125,0,endl
56,126,6000,endl
56,127,762,endl
56,127,1.93,endl
56,128,209952,endl
56,129,8028,endl
56,129,7686,endl
56,130,10000000000000000000000000000000000000000,endl
56,130,0.0094,endl
56,131,993600,endl
56,131,876,endl
56,132,94670700000000000000000000000,endl
56,133,332956850,endl
56,133,140148,endl
56,134,10000000000000000000000000000000000000000,endl
56,135,10000000000000000000000000000000000000000,endl
56,135,103320,endl
56,136,10000000000000000000000000000000000000000,endl
56,136,0.3084,endl
56,137,10000000000000000000000000000000000000000,endl
56,137,153.12,endl
56,138,10000000000000000000000000000000000000000,endl
56,139,4983.6,endl
56,140,1101833.3,endl
56,141,1096.2,endl
56,142,636,endl
56,143,14.5,endl
56,144,11.5,endl
56,145,4.31,endl
56,146,2.22,endl
56,147,0.894,endl
56,148,0.612,endl
56,149,0.344,endl
56,150,0.3,endl
56,151,0.0000003,endl
56,152,0.000000406,endl
56,153,0,endl
57,116,0,endl
57,117,0.0235,endl
57,118,0,endl
57,119,0,endl
57,120,2.8,endl
57,121,5.3,endl
57,122,8.6,endl
57,123,17,endl
57,124,21,endl
57,125,64.8,endl
57,125,0.39,endl
57,126,54,endl
57,126,0,endl
57,127,306,endl
57,127,222,endl
57,128,310.8,endl
57,129,696,endl
57,129,0.56,endl
57,130,522,endl
57,131,3540,endl
57,131,0.00017,endl
57,132,17280,endl
57,132,1458,endl
57,133,14083.2,endl
57,134,387,endl
57,134,0.000029,endl
57,135,70200,endl
57,136,592.2,endl
57,136,0.114,endl
57,137,1893414000000,endl
57,138,3218803800000000000,endl
57,139,10000000000000000000000000000000000000000,endl
57,140,145026.72,endl
57,141,14112,endl
57,142,5466,endl
57,143,852,endl
57,144,40.8,endl
57,145,24.8,endl
57,146,6.27,endl
57,146,10,endl
57,147,4.06,endl
57,148,1.26,endl
57,149,1.05,endl
57,150,0.59,endl
57,151,0.0000003,endl
57,152,0.00000015,endl
57,153,0.0000001,endl
57,154,0,endl
57,155,0,endl
58,119,0,endl
58,120,0,endl
58,121,1.1,endl
58,122,0,endl
58,123,3.8,endl
58,124,6,endl
58,125,9.7,endl
58,125,0,endl
58,126,51,endl
58,127,34,endl
58,127,28.6,endl
58,128,235.8,endl
58,129,210,endl
58,130,1374,endl
58,131,618,endl
58,131,324,endl
58,132,12636,endl
58,132,0.0094,endl
58,133,5820,endl
58,133,18360,endl
58,134,273024,endl
58,135,63720,endl
58,135,20,endl
58,136,2208983000000000000000,endl
58,137,32400,endl
58,137,123840,endl
58,138,2840121000000000000000,endl
58,138,0.00865,endl
58,139,11892182,endl
58,139,54.8,endl
58,140,10000000000000000000000000000000000000000,endl
58,141,2808950.4,endl
58,142,1577845000000000000000000,endl
58,143,118940.4,endl
58,144,24616224,endl
58,145,180.6,endl
58,146,811.2,endl
58,147,56.4,endl
58,148,56.8,endl
58,149,5.3,endl
58,150,4,endl
58,151,1.76,endl
58,152,1.4,endl
58,153,0.0000001,endl
58,154,0.0000001,endl
58,155,0.0000003,endl
58,156,0,endl
58,157,0,endl
59,121,0.01,endl
59,122,0,endl
59,123,0,endl
59,124,1.2,endl
59,125,3.3,endl
59,126,3.14,endl
59,127,4.2,endl
59,128,2.84,endl
59,129,30,endl
59,130,40,endl
59,131,90.6,endl
59,131,5.73,endl
59,132,96,endl
59,133,390,endl
59,133,1.1,endl
59,134,1020,endl
59,134,660,endl
59,135,1440,endl
59,135,0.000105,endl
59,136,786,endl
59,137,4608,endl
59,138,87,endl
59,138,7632,endl
59,139,15876,endl
59,140,203.4,endl
59,140,0.00000035,endl
59,140,0.00000305,endl
59,141,10000000000000000000000000000000000000000,endl
59,142,68832,endl
59,142,876,endl
59,143,1172448,endl
59,144,1036.8,endl
59,144,432,endl
59,145,21542.4,endl
59,146,1449,endl
59,147,804,endl
59,148,0,endl
59,148,137.4,endl
59,148,120.6,endl
59,149,135.6,endl
59,150,6.19,endl
59,151,18.9,endl
59,152,3.57,endl
59,153,4.28,endl
59,154,2.3,endl
59,155,0.0000003,endl
59,156,0,endl
59,157,0,endl
59,158,0,endl
59,159,0,endl
60,124,0,endl
60,125,0.65,endl
60,126,0,endl
60,127,1.8,endl
60,128,5,endl
60,129,6.7,endl
60,129,7,endl
60,129,2.6,endl
60,130,13,endl
60,131,25.4,endl
60,132,94,endl
60,133,70,endl
60,133,70,endl
60,134,510,endl
60,134,0.00041,endl
60,135,744,endl
60,135,330,endl
60,136,3039,endl
60,137,2310,endl
60,137,1.6,endl
60,138,18144,endl
60,139,1782,endl
60,139,19800,endl
60,140,291168,endl
60,140,0.0006,endl
60,141,8964,endl
60,141,62,endl
60,142,10000000000000000000000000000000000000000,endl
60,142,0.0000165,endl
60,143,10000000000000000000000000000000000000000,endl
60,144,72265301000000000000000,endl
60,145,10000000000000000000000000000000000000000,endl
60,146,10000000000000000000000000000000000000000,endl
60,147,948672,endl
60,148,10000000000000000000000000000000000000000,endl
60,149,6220.8,endl
60,150,287167790000000000000000000,endl
60,151,746.4,endl
60,152,684,endl
60,153,31.6,endl
60,154,25.9,endl
60,154,0.0000013,endl
60,155,8.9,endl
60,156,5.26,endl
60,157,0.1,endl
60,158,0.00000016,endl
60,159,0.00000016,endl
60,160,0.00000016,endl
60,161,0.00000016,endl
61,126,0,endl
61,127,0,endl
61,128,1,endl
61,129,2.4,endl
61,130,2.6,endl
61,131,6.3,endl
61,132,6.2,endl
61,133,13.5,endl
61,133,8.8,endl
61,134,5,endl
61,134,22,endl
61,134,5,endl
61,135,45,endl
61,135,49,endl
61,135,45,endl
61,136,107,endl
61,136,47,endl
61,136,107,endl
61,137,144,endl
61,138,10,endl
61,138,194.4,endl
61,139,249,endl
61,139,0.18,endl
61,140,9.2,endl
61,140,357,endl
61,141,1254,endl
61,142,40.5,endl
61,142,0.002,endl
61,142,0.000067,endl
61,143,22896000,endl
61,144,31363200,endl
61,145,558557130,endl
61,146,174509660,endl
61,147,82786371,endl
61,148,463795.2,endl
61,148,463795.2,endl
61,148,3567456,endl
61,149,191088,endl
61,150,9712.8,endl
61,151,102240,endl
61,152,247.2,endl
61,152,451.2,endl
61,152,828,endl
61,153,315,endl
61,154,160.8,endl
61,154,0,endl
61,155,41.5,endl
61,156,26.7,endl
61,156,5,endl
61,157,10.56,endl
61,158,4.8,endl
61,159,1.5,endl
61,160,0.00000016,endl
61,161,0.00000016,endl
61,162,0.00000016,endl
61,163,0.00000016,endl
61,164,0,endl
62,128,0,endl
62,129,0.55,endl
62,130,0,endl
62,131,1.2,endl
62,132,4,endl
62,133,2.89,endl
62,134,9.5,endl
62,135,10.3,endl
62,136,47,endl
62,136,0,endl
62,137,45,endl
62,138,186,endl
62,139,154.2,endl
62,139,10.7,endl
62,140,889.2,endl
62,141,612,endl
62,141,1356,endl
62,142,4349.4,endl
62,143,525,endl
62,143,66,endl
62,143,0.03,endl
62,144,10000000000000000000000000000000000000000,endl
62,145,29376000,endl
62,145,0.00000096,endl
62,146,3250360700000000,endl
62,147,3345031400000000000,endl
62,148,220898300000000000000000,endl
62,149,10000000000000000000000000000000000000000,endl
62,150,10000000000000000000000000000000000000000,endl
62,151,2840121000,endl
62,151,0.0000014,endl
62,152,10000000000000000000000000000000000000000,endl
62,153,166622.4,endl
62,153,0.0106,endl
62,154,10000000000000000000000000000000000000000,endl
62,155,1338,endl
62,156,33840,endl
62,157,481.8,endl
62,158,318,endl
62,159,11.37,endl
62,159,0.000000115,endl
62,160,9.6,endl
62,161,4.8,endl
62,162,2.4,endl
62,163,0.00000016,endl
62,164,0.00000016,endl
62,164,0.0000006,endl
62,165,0.00000016,endl
62,166,0,endl
62,167,0,endl
63,130,0.0009,endl
63,131,0.0178,endl
63,132,0,endl
63,133,0,endl
63,134,0.5,endl
63,135,1.5,endl
63,136,3.3,endl
63,136,0,endl
63,137,11,endl
63,138,12.1,endl
63,139,17.9,endl
63,139,0,endl
63,140,1.51,endl
63,140,0.125,endl
63,141,40.7,endl
63,141,2.7,endl
63,142,2.34,endl
63,142,73.38,endl
63,143,155.4,endl
63,144,10.2,endl
63,145,512352,endl
63,146,398304,endl
63,146,0.000235,endl
63,147,2082240,endl
63,148,4708800,endl
63,148,0.000000162,endl
63,149,8043840,endl
63,150,1164449600,endl
63,150,46080,endl
63,151,53646730000000000000000000,endl
63,151,0.0000589,endl
63,152,426554620,endl
63,152,33521.76,endl
63,152,5760,endl
63,153,10000000000000000000000000000000000000000,endl
63,154,271420900,endl
63,154,2778,endl
63,155,149989950,endl
63,156,1312416,endl
63,157,54648,endl
63,158,2754,endl
63,159,1086,endl
63,160,38,endl
63,161,26,endl
63,162,10.6,endl
63,163,7.7,endl
63,164,4.2,endl
63,165,2.3,endl
63,166,1.7,endl
63,167,0.00000016,endl
63,168,0.00000016,endl
64,133,0,endl
64,134,0,endl
64,135,1.1,endl
64,136,0.0000002,endl
64,137,2.2,endl
64,138,4.7,endl
64,138,0,endl
64,139,5.8,endl
64,139,0,endl
64,140,15.8,endl
64,141,14,endl
64,141,24.5,endl
64,142,70.2,endl
64,143,39,endl
64,143,110,endl
64,144,268.2,endl
64,144,0.000000145,endl
64,145,1380,endl
64,145,85,endl
64,146,4170528,endl
64,147,137016,endl
64,148,2243695600,endl
64,149,801792,endl
64,150,56486851000000,endl
64,151,10704960,endl
64,152,3408145200000000000000,endl
64,153,20770560,endl
64,153,0.0000035,endl
64,153,0.000076,endl
64,154,10000000000000000000000000000000000000000,endl
64,155,10000000000000000000000000000000000000000,endl
64,155,0.03197,endl
64,156,10000000000000000000000000000000000000000,endl
64,157,10000000000000000000000000000000000000000,endl
64,157,0.00000046,endl
64,157,0.0000185,endl
64,158,10000000000000000000000000000000000000000,endl
64,159,66524.4,endl
64,160,10000000000000000000000000000000000000000,endl
64,161,219.6,endl
64,162,504,endl
64,163,68,endl
64,164,45,endl
64,165,10.3,endl
64,166,4.8,endl
64,166,0.00000095,endl
64,167,0.00000016,endl
64,168,0.00000016,endl
64,169,0.00000016,endl
64,170,0.00000016,endl
64,171,0,endl
65,135,0.00094,endl
65,136,0,endl
65,137,0,endl
65,138,0.0000002,endl
65,139,1.6,endl
65,140,2.4,endl
65,141,3.5,endl
65,142,0.597,endl
65,142,0.303,endl
65,143,12,endl
65,144,1,endl
65,144,4.25,endl
65,145,0,endl
65,145,30.9,endl
65,146,8,endl
65,146,23,endl
65,147,5904,endl
65,147,109.8,endl
65,148,3600,endl
65,148,132,endl
65,149,14824.8,endl
65,149,249.6,endl
65,150,12528,endl
65,150,348,endl
65,151,63392.4,endl
65,151,25,endl
65,152,63000,endl
65,152,252,endl
65,153,202176,endl
65,153,0.000186,endl
65,154,77400,endl
65,154,33840,endl
65,154,81720,endl
65,155,459648,endl
65,156,462240,endl
65,156,87840,endl
65,156,19080,endl
65,157,2240539900,endl
65,158,5680242000,endl
65,158,10.7,endl
65,158,0.0004,endl
65,159,10000000000000000000000000000000000000000,endl
65,160,6246720,endl
65,161,595296,endl
65,162,456,endl
65,163,1170,endl
65,164,180,endl
65,165,126.6,endl
65,166,25.1,endl
65,167,19.4,endl
65,168,8.2,endl
65,169,0.00000016,endl
65,170,0.00000016,endl
65,171,0.00000016,endl
65,172,0.00000016,endl
66,138,0,endl
66,139,0.6,endl
66,140,0,endl
66,140,0,endl
66,141,0.9,endl
66,142,2.3,endl
66,143,5.6,endl
66,143,3,endl
66,144,9.1,endl
66,145,6,endl
66,145,14.1,endl
66,146,29,endl
66,146,0.15,endl
66,147,67,endl
66,147,55.2,endl
66,148,198,endl
66,149,252,endl
66,149,0.49,endl
66,150,430.2,endl
66,151,1074,endl
66,152,8568,endl
66,153,23040,endl
66,154,94670700000000,endl
66,155,35640,endl
66,155,0.000006,endl
66,156,10000000000000000000000000000000000000000,endl
66,157,29304,endl
66,157,0.0216,endl
66,158,10000000000000000000000000000000000000000,endl
66,159,12476160,endl
66,159,0.000122,endl
66,160,10000000000000000000000000000000000000000,endl
66,161,10000000000000000000000000000000000000000,endl
66,162,10000000000000000000000000000000000000000,endl
66,163,10000000000000000000000000000000000000000,endl
66,164,10000000000000000000000000000000000000000,endl
66,165,8402.4,endl
66,165,75.42,endl
66,166,293760,endl
66,167,372,endl
66,168,522,endl
66,169,39,endl
66,170,0,endl
66,171,0.00000016,endl
66,172,0.00000016,endl
66,173,0.00000016,endl
66,174,0.00000016,endl
66,175,0,endl
67,140,0.006,endl
67,141,0.0041,endl
67,141,0,endl
67,142,0.4,endl
67,143,0,endl
67,144,0.7,endl
67,144,0.000000506,endl
67,145,2.4,endl
67,146,3.6,endl
67,147,5.8,endl
67,148,2.2,endl
67,148,9.59,endl
67,148,0.00236,endl
67,149,21.1,endl
67,149,56,endl
67,150,72,endl
67,150,0,endl
67,151,35.2,endl
67,151,47.2,endl
67,152,161.8,endl
67,152,49.8,endl
67,153,120.6,endl
67,153,558,endl
67,154,705.6,endl
67,154,186,endl
67,155,2880,endl
67,155,0.00088,endl
67,156,3360,endl
67,156,9.5,endl
67,156,456,endl
67,157,756,endl
67,158,678,endl
67,158,1680,endl
67,158,1278,endl
67,159,1983,endl
67,159,8.3,endl
67,160,1536,endl
67,160,18072,endl
67,160,3,endl
67,161,8928,endl
67,161,6.76,endl
67,162,900,endl
67,162,4020,endl
67,163,144215030000,endl
67,163,1.09,endl
67,164,1740,endl
67,164,2250,endl
67,165,10000000000000000000000000000000000000000,endl
67,165,0,endl
67,166,96566.4,endl
67,166,37868280000,endl
67,167,11160,endl
67,168,179.4,endl
67,168,132,endl
67,169,283.2,endl
67,170,165.6,endl
67,170,43,endl
67,171,53,endl
67,172,25,endl
67,173,0.00000016,endl
67,174,0.00000016,endl
67,175,0.00000016,endl
67,176,0.00000016,endl
67,177,0,endl
67,178,0,endl
68,142,0,endl
68,143,0,endl
68,144,0.0000002,endl
68,145,0,endl
68,145,0.9,endl
68,146,1.7,endl
68,147,2.5,endl
68,147,2.5,endl
68,148,4.6,endl
68,148,0.000013,endl
68,149,4,endl
68,149,8.9,endl
68,150,18.5,endl
68,151,23.5,endl
68,151,0.58,endl
68,152,10.3,endl
68,153,37.1,endl
68,154,223.8,endl
68,155,318,endl
68,156,1170,endl
68,157,1119,endl
68,158,8244,endl
68,159,2160,endl
68,160,102888,endl
68,161,11556,endl
68,161,0.0000075,endl
68,162,10000000000000000000000000000000000000000,endl
68,163,4500,endl
68,164,10000000000000000000000000000000000000000,endl
68,165,37296,endl
68,166,10000000000000000000000000000000000000000,endl
68,167,10000000000000000000000000000000000000000,endl
68,167,2.269,endl
68,168,10000000000000000000000000000000000000000,endl
68,169,811468.8,endl
68,170,10000000000000000000000000000000000000000,endl
68,171,27057.6,endl
68,172,177480,endl
68,173,84,endl
68,174,192,endl
68,175,72,endl
68,176,0.00000016,endl
68,177,0.00000016,endl
68,178,0.00000016,endl
68,179,0,endl
68,180,0,endl
68,181,0,endl
68,182,0,endl
68,183,0,endl
69,144,0.0000019,endl
69,145,0.00000317,endl
69,146,0.235,endl
69,146,0,endl
69,147,0.58,endl
69,147,0.00036,endl
69,148,0.7,endl
69,148,0,endl
69,149,0.9,endl
69,150,2.2,endl
69,150,0.0052,endl
69,151,4.17,endl
69,151,6.6,endl
69,151,0.000000451,endl
69,152,8,endl
69,152,5.2,endl
69,152,0.000000294,endl
69,153,1.48,endl
69,153,2.5,endl
69,154,8.1,endl
69,154,0,endl
69,155,21.6,endl
69,155,45,endl
69,156,83.8,endl
69,156,0,endl
69,157,217.8,endl
69,158,238.8,endl
69,159,547.8,endl
69,160,564,endl
69,160,74.5,endl
69,161,1812,endl
69,162,1302,endl
69,162,24.3,endl
69,163,6516,endl
69,164,120,endl
69,164,0,endl
69,165,108216,endl
69,166,27720,endl
69,166,0.34,endl
69,167,799200,endl
69,168,8043840,endl
69,169,10000000000000000000000000000000000000000,endl
69,170,11111040,endl
69,171,60589248,endl
69,172,228960,endl
69,173,29664,endl
69,174,324,endl
69,174,0,endl
69,175,912,endl
69,176,114,endl
69,177,90,endl
69,178,0.0000003,endl
69,179,0.00000016,endl
69,180,0.0000003,endl
69,181,0.00000016,endl
69,182,0,endl
69,183,0,endl
69,184,0,endl
70,148,0,endl
70,149,0.7,endl
70,150,0.0000002,endl
70,151,1.6,endl
70,151,1.6,endl
70,151,0.0000026,endl
70,151,0.00002,endl
70,152,3.03,endl
70,152,0.00003,endl
70,153,4.2,endl
70,154,0.409,endl
70,155,1.793,endl
70,156,26.1,endl
70,157,38.6,endl
70,158,89.4,endl
70,159,100.2,endl
70,160,288,endl
70,161,252,endl
70,162,1132.2,endl
70,163,663,endl
70,164,4548,endl
70,165,594,endl
70,166,204120,endl
70,167,1050,endl
70,168,10000000000000000000000000000000000000000,endl
70,169,2766355.2,endl
70,169,46,endl
70,170,10000000000000000000000000000000000000000,endl
70,171,10000000000000000000000000000000000000000,endl
70,171,0.00525,endl
70,172,10000000000000000000000000000000000000000,endl
70,173,10000000000000000000000000000000000000000,endl
70,174,10000000000000000000000000000000000000000,endl
70,175,361584,endl
70,175,0.0682,endl
70,176,10000000000000000000000000000000000000000,endl
70,176,11.4,endl
70,177,6879.6,endl
70,177,6.41,endl
70,178,4440,endl
70,179,480,endl
70,180,144,endl
70,181,0.00000016,endl
70,182,0.00000016,endl
70,183,0.00000016,endl
70,184,0.00000016,endl
70,185,0.00000016,endl
71,150,0.045,endl
71,150,0,endl
71,151,0.0806,endl
71,151,0,endl
71,152,0.7,endl
71,153,0.9,endl
71,154,0,endl
71,154,0.000035,endl
71,155,0.068,endl
71,155,0.138,endl
71,155,0.00269,endl
71,156,0.494,endl
71,156,0,endl
71,157,6.8,endl
71,157,4.79,endl
71,158,10.6,endl
71,159,12.1,endl
71,160,36.1,endl
71,161,77,endl
71,161,0.0073,endl
71,162,82.2,endl
71,162,114,endl
71,163,238.2,endl
71,164,188.4,endl
71,165,644.4,endl
71,166,159,endl
71,166,84.6,endl
71,166,127.2,endl
71,167,3090,endl
71,168,330,endl
71,168,402,endl
71,169,122616,endl
71,169,160,endl
71,170,173836.8,endl
71,170,0.67,endl
71,171,711936,endl
71,171,79,endl
71,172,578880,endl
71,172,222,endl
71,172,0.00044,endl
71,173,43232953,endl
71,174,104453340,endl
71,174,12268800,endl
71,175,10000000000000000000000000000000000000000,endl
71,175,0.000984,endl
71,176,1186539400000000000,endl
71,176,13190.4,endl
71,177,574300.8,endl
71,177,13862016,endl
71,178,1704,endl
71,178,1386,endl
71,179,16524,endl
71,179,0.0031,endl
71,180,342,endl
71,181,210,endl
71,182,120,endl
71,183,58,endl
71,184,19,endl
71,185,0.00000016,endl
71,186,0.00000016,endl
71,187,0.00000016,endl
71,188,0.00000016,endl
71,189,0,endl
71,190,0,endl
72,151,0,endl
72,152,0,endl
72,153,0.00000006,endl
72,154,2,endl
72,154,0.000009,endl
72,155,0.89,endl
72,156,0.023,endl
72,156,0.00052,endl
72,157,0.11,endl
72,158,2.85,endl
72,159,5.6,endl
72,160,13.6,endl
72,161,18.4,endl
72,161,0.0000048,endl
72,162,39.4,endl
72,163,40,endl
72,164,111,endl
72,165,76,endl
72,166,406.2,endl
72,167,123,endl
72,168,1557,endl
72,169,194.4,endl
72,170,57636,endl
72,171,43560,endl
72,171,29.5,endl
72,172,59011403,endl
72,173,84960,endl
72,174,63113800000000000000000,endl
72,175,6048000,endl
72,176,10000000000000000000000000000000000000000,endl
72,177,10000000000000000000000000000000000000000,endl
72,177,1.09,endl
72,177,3084,endl
72,178,10000000000000000000000000000000000000000,endl
72,178,4,endl
72,178,978263900,endl
72,179,10000000000000000000000000000000000000000,endl
72,179,18.67,endl
72,179,2164320,endl
72,180,10000000000000000000000000000000000000000,endl
72,181,3662496,endl
72,181,0.00008,endl
72,181,0.0001,endl
72,181,0.0015,endl
72,182,280856410000000,endl
72,182,3690,endl
72,182,0.00004,endl
72,183,3841.2,endl
72,184,14832,endl
72,184,48,endl
72,185,210,endl
72,186,156,endl
72,187,0,endl
72,188,0,endl
72,189,0.0000003,endl
72,190,0.00000016,endl
72,191,0,endl
73,155,0.0029,endl
73,156,0.106,endl
73,156,0.36,endl
73,157,0.0101,endl
73,158,0.055,endl
73,159,0.83,endl
73,159,0.56,endl
73,160,1.55,endl
73,161,0,endl
73,162,3.57,endl
73,163,10.6,endl
73,164,14.2,endl
73,165,31,endl
73,166,34.4,endl
73,167,80,endl
73,168,120,endl
73,169,294,endl
73,170,405.6,endl
73,171,1398,endl
73,172,2208,endl
73,173,11304,endl
73,174,4104,endl
73,175,37800,endl
73,176,29124,endl
73,176,0.0011,endl
73,177,203616,endl
73,178,8496,endl
73,178,0,endl
73,178,0.058,endl
73,178,0.29,endl
73,178,558.6,endl
73,179,57433558,endl
73,179,0.0541,endl
73,180,29354.4,endl
73,180,224053990000000000000000,endl
73,181,10000000000000000000000000000000000000000,endl
73,182,9913536,endl
73,182,0.283,endl
73,182,950.4,endl
73,183,440640,endl
73,184,31320,endl
73,185,2964,endl
73,185,0,endl
73,186,630,endl
73,187,0,endl
73,188,0,endl
73,189,0,endl
73,190,5.3,endl
73,191,0.0000003,endl
73,192,2.2,endl
73,193,0.00000016,endl
73,194,0.00000016,endl
74,157,0,endl
74,158,0.00125,endl
74,158,0,endl
74,159,0.0073,endl
74,160,0.091,endl
74,161,0.409,endl
74,162,1.36,endl
74,163,2.67,endl
74,164,6.3,endl
74,165,5.1,endl
74,166,19.2,endl
74,167,19.9,endl
74,168,50.9,endl
74,169,74,endl
74,170,145.2,endl
74,171,142.8,endl
74,172,396,endl
74,173,456,endl
74,174,1992,endl
74,175,2112,endl
74,176,9000,endl
74,177,7920,endl
74,178,1866240,endl
74,179,2223,endl
74,179,384,endl
74,180,56802420000000000000000000,endl
74,181,10471680,endl
74,182,10000000000000000000000000000000000000000,endl
74,183,3471259000000000000000000,endl
74,183,5.2,endl
74,184,10000000000000000000000000000000000000000,endl
74,185,6488640,endl
74,185,100.2,endl
74,186,10000000000000000000000000000000000000000,endl
74,187,86400,endl
74,187,0,endl
74,188,6028992,endl
74,189,642,endl
74,190,1800,endl
74,190,0.0031,endl
74,191,0,endl
74,192,0,endl
74,193,0.0000003,endl
74,194,0.0000003,endl
74,195,0,endl
74,196,0.00000016,endl
74,197,0.00000016,endl
75,159,0,endl
75,160,0.00082,endl
75,160,0,endl
75,161,0.00044,endl
75,162,0.107,endl
75,162,0.077,endl
75,163,0.39,endl
75,163,0.214,endl
75,164,0.53,endl
75,165,2.61,endl
75,165,2.32,endl
75,166,2.25,endl
75,167,5.9,endl
75,167,0,endl
75,168,4.4,endl
75,169,8.1,endl
75,169,0,endl
75,170,9.2,endl
75,171,15.2,endl
75,172,15,endl
75,172,0,endl
75,173,118.8,endl
75,174,144,endl
75,175,353.4,endl
75,176,318,endl
75,177,840,endl
75,178,792,endl
75,179,1170,endl
75,179,0.000466,endl
75,180,147.6,endl
75,181,71640,endl
75,182,230400,endl
75,182,0,endl
75,183,6048000,endl
75,183,0.00104,endl
75,184,3058560,endl
75,184,14601600,endl
75,185,10000000000000000000000000000000000000000,endl
75,186,321261.12,endl
75,186,6311380000000,endl
75,187,1366413800000000000,endl
75,188,61214.4,endl
75,188,1115.4,endl
75,189,87480,endl
75,190,186,endl
75,190,11520,endl
75,191,588,endl
75,192,16,endl
75,192,0.000085,endl
75,192,61,endl
75,193,0,endl
75,194,5,endl
75,194,25,endl
75,194,100,endl
75,194,0.000045,endl
75,195,6,endl
75,196,3,endl
75,197,0.00000016,endl
75,198,0.00000016,endl
75,199,0.00000016,endl
76,161,0.00064,endl
76,162,0.0021,endl
76,163,0.0055,endl
76,164,0.021,endl
76,165,0.071,endl
76,166,0.199,endl
76,167,0.81,endl
76,168,2.1,endl
76,169,3.43,endl
76,170,7.37,endl
76,171,8.3,endl
76,172,19.2,endl
76,173,16,endl
76,174,44,endl
76,175,84,endl
76,176,216,endl
76,177,180,endl
76,178,300,endl
76,179,390,endl
76,180,1290,endl
76,181,6300,endl
76,181,162,endl
76,182,78624,endl
76,182,0.00078,endl
76,183,46800,endl
76,183,35640,endl
76,184,1767186400000000000000,endl
76,185,8087040,endl
76,186,63113800000000000000000,endl
76,187,10000000000000000000000000000000000000000,endl
76,188,10000000000000000000000000000000000000000,endl
76,189,10000000000000000000000000000000000000000,endl
76,189,20916,endl
76,190,10000000000000000000000000000000000000000,endl
76,190,594,endl
76,191,1330560,endl
76,191,47160,endl
76,192,10000000000000000000000000000000000000000,endl
76,192,5.9,endl
76,192,0.00000019,endl
76,193,108396,endl
76,194,189341400,endl
76,195,390,endl
76,195,540,endl
76,196,2094,endl
76,197,168,endl
76,198,0,endl
76,199,5,endl
76,200,6,endl
76,201,0.00000016,endl
76,202,0.00000016,endl
76,203,0.00000016,endl
77,164,0,endl
77,165,0.000001,endl
77,165,0.0003,endl
77,166,0.0105,endl
77,166,0,endl
77,167,0.0352,endl
77,167,0,endl
77,168,0.222,endl
77,169,0.353,endl
77,169,0.281,endl
77,170,0.87,endl
77,171,3.2,endl
77,172,4.4,endl
77,172,2,endl
77,173,0,endl
77,173,9,endl
77,173,2.2,endl
77,174,7.9,endl
77,174,4.9,endl
77,175,9,endl
77,176,8.7,endl
77,177,30,endl
77,178,12,endl
77,179,79,endl
77,180,90,endl
77,181,294,endl
77,182,900,endl
77,183,3480,endl
77,184,11124,endl
77,184,0.00047,endl
77,185,51840,endl
77,186,59904,endl
77,186,6840,endl
77,187,37800,endl
77,188,149400,endl
77,189,1140480,endl
77,189,0.0133,endl
77,189,0.0037,endl
77,190,1017792,endl
77,190,4032,endl
77,190,11113.2,endl
77,191,10000000000000000000000000000000000000000,endl
77,191,4.899,endl
77,191,5.5,endl
77,192,6378825.6,endl
77,192,87,endl
77,192,7605212900,endl
77,193,10000000000000000000000000000000000000000,endl
77,193,909792,endl
77,194,69408,endl
77,194,0.03185,endl
77,194,14774400,endl
77,195,8244,endl
77,195,13212,endl
77,196,52,endl
77,196,5040,endl
77,197,348,endl
77,197,534,endl
77,198,8,endl
77,199,6,endl
77,200,0.0000003,endl
77,201,0.0000003,endl
77,202,11,endl
77,203,0.00000016,endl
77,204,0.00000016,endl
77,205,0.00000016,endl
78,166,0.0003,endl
78,167,0.0007,endl
78,168,0.00202,endl
78,169,0.007,endl
78,170,0.0138,endl
78,171,0.0455,endl
78,171,0.000000901,endl
78,172,0.0976,endl
78,173,0.382,endl
78,174,0.889,endl
78,175,2.53,endl
78,176,6.33,endl
78,177,10.6,endl
78,178,20.7,endl
78,179,21.2,endl
78,180,56,endl
78,181,52,endl
78,182,160.2,endl
78,183,390,endl
78,183,43,endl
78,184,1038,endl
78,184,0.00101,endl
78,185,4254,endl
78,185,1980,endl
78,186,7488,endl
78,187,8460,endl
78,188,881280,endl
78,189,39132,endl
78,190,20511985000000000000,endl
78,191,244512,endl
78,192,10000000000000000000000000000000000000000,endl
78,193,1577845000,endl
78,193,374112,endl
78,194,10000000000000000000000000000000000000000,endl
78,195,10000000000000000000000000000000000000000,endl
78,195,346464,endl
78,196,10000000000000000000000000000000000000000,endl
78,197,71609.4,endl
78,197,5724.6,endl
78,198,10000000000000000000000000000000000000000,endl
78,199,1848,endl
78,199,13.6,endl
78,200,45360,endl
78,201,150,endl
78,202,158400,endl
78,202,0.00028,endl
78,203,10,endl
78,204,10.3,endl
78,205,0.0000003,endl
78,206,0.00000016,endl
78,207,0.00000016,endl
78,208,0.00000016,endl
79,169,0,endl
79,170,0.0003,endl
79,170,0,endl
79,171,0.000017,endl
79,172,0.022,endl
79,172,0,endl
79,173,0.025,endl
79,173,0.014,endl
79,174,0.12,endl
79,175,0,endl
79,175,0,endl
79,176,0,endl
79,176,1.05,endl
79,176,1.36,endl
79,177,1.462,endl
79,177,1.18,endl
79,178,2.6,endl
79,179,7.1,endl
79,179,0.0001,endl
79,180,8.4,endl
79,181,13.7,endl
79,182,15.5,endl
79,183,42.8,endl
79,184,20.6,endl
79,184,47.6,endl
79,185,255,endl
79,185,0,endl
79,186,642,endl
79,186,0,endl
79,187,498,endl
79,187,2.3,endl
79,188,530.4,endl
79,189,1722,endl
79,189,275.4,endl
79,190,2568,endl
79,191,11448,endl
79,191,0.92,endl
79,192,17784,endl
79,192,0.029,endl
79,192,0.16,endl
79,193,63540,endl
79,193,3.9,endl
79,194,136872,endl
79,194,0.6,endl
79,194,0.42,endl
79,195,16071264,endl
79,195,30.5,endl
79,195,0.00001289,endl
79,196,532820.16,endl
79,196,8.1,endl
79,196,34560,endl
79,197,10000000000000000000000000000000000000000,endl
79,197,7.73,endl
79,198,232822.08,endl
79,198,196300.8,endl
79,199,271209.6,endl
79,199,0.00044,endl
79,200,2904,endl
79,200,67320,endl
79,201,1560,endl
79,202,28.4,endl
79,203,60,endl
79,204,39.8,endl
79,205,31,endl
79,206,0.0000003,endl
79,207,0.0000003,endl
79,208,0.0000003,endl
79,209,0.0000003,endl
79,210,0.0000003,endl
79,211,0,endl
79,212,0,endl
79,213,0,endl
80,171,0.000059,endl
80,172,0.000231,endl
80,173,0.0009,endl
80,174,0.0021,endl
80,175,0.0106,endl
80,176,0.0203,endl
80,177,0.1273,endl
80,177,0,endl
80,178,0.2665,endl
80,179,1.05,endl
80,180,2.59,endl
80,181,3.6,endl
80,181,0,endl
80,182,10.83,endl
80,183,9.4,endl
80,184,30.87,endl
80,185,49.1,endl
80,185,21.6,endl
80,186,82.8,endl
80,187,114,endl
80,187,0,endl
80,188,195,endl
80,189,456,endl
80,189,0,endl
80,190,1200,endl
80,191,2940,endl
80,191,3048,endl
80,192,17460,endl
80,193,13680,endl
80,193,42480,endl
80,194,14011264000,endl
80,195,37908,endl
80,195,149760,endl
80,196,10000000000000000000000000000000000000000,endl
80,197,230904,endl
80,197,85680,endl
80,198,10000000000000000000000000000000000000000,endl
80,199,10000000000000000000000000000000000000000,endl
80,199,2560.2,endl
80,200,10000000000000000000000000000000000000000,endl
80,201,10000000000000000000000000000000000000000,endl
80,201,0.000094,endl
80,202,10000000000000000000000000000000000000000,endl
80,203,4025721.6,endl
80,204,10000000000000000000000000000000000000000,endl
80,205,308.4,endl
80,205,0.00109,endl
80,206,499.2,endl
80,207,174,endl
80,208,2460,endl
80,209,36,endl
80,210,0,endl
80,210,0.0000021,endl
80,210,0.000002,endl
80,211,0.0000003,endl
80,212,0.0000003,endl
80,213,0.0000003,endl
80,214,0.0000003,endl
80,215,0.0000003,endl
80,216,0.0000003,endl
81,176,0.0052,endl
81,177,0.018,endl
81,178,0.254,endl
81,179,0.23,endl
81,179,0,endl
81,180,1.09,endl
81,181,3.2,endl
81,181,0.0014,endl
81,182,3.1,endl
81,183,6.9,endl
81,183,0.06,endl
81,184,10.1,endl
81,185,19.5,endl
81,185,1.93,endl
81,186,0,endl
81,186,27.5,endl
81,186,2.9,endl
81,187,51,endl
81,187,15.6,endl
81,188,71,endl
81,188,0.041,endl
81,188,0.041,endl
81,189,138,endl
81,189,84,endl
81,190,222,endl
81,190,156,endl
81,190,222,endl
81,190,0.00075,endl
81,191,0,endl
81,191,313.2,endl
81,192,576,endl
81,192,648,endl
81,192,0.000000296,endl
81,193,1296,endl
81,193,126.6,endl
81,194,1980,endl
81,194,1967.1,endl
81,195,4176,endl
81,195,3.6,endl
81,196,6624,endl
81,196,5076,endl
81,197,10224,endl
81,197,0.54,endl
81,198,19080,endl
81,198,6732,endl
81,198,0.0321,endl
81,199,26712,endl
81,199,0.0284,endl
81,200,93960,endl
81,200,0.034,endl
81,201,262837.44,endl
81,201,0.00201,endl
81,202,1063584,endl
81,203,10000000000000000000000000000000000000000,endl
81,204,119379750,endl
81,204,0.0000617,endl
81,205,10000000000000000000000000000000000000000,endl
81,206,252.12,endl
81,206,224.4,endl
81,207,286.2,endl
81,207,1.33,endl
81,208,183.18,endl
81,209,129.72,endl
81,210,78,endl
81,211,88,endl
81,212,96,endl
81,213,46,endl
81,214,0.0000003,endl
81,215,0.0000003,endl
81,216,0.0000003,endl
81,217,0.0000003,endl
81,218,0,endl
82,178,0.00012,endl
82,179,0.0035,endl
82,180,0.0041,endl
82,181,0.045,endl
82,182,0.055,endl
82,183,0.535,endl
82,183,0.415,endl
82,184,0.49,endl
82,185,6.3,endl
82,185,0,endl
82,186,4.82,endl
82,187,18.3,endl
82,187,15.2,endl
82,188,25.1,endl
82,189,39,endl
82,189,0,endl
82,190,71,endl
82,191,79.8,endl
82,191,130.8,endl
82,192,210,endl
82,192,0.00000107,endl
82,192,0.000000166,endl
82,192,0.00000109,endl
82,192,0.000000756,endl
82,193,0,endl
82,193,348,endl
82,194,642,endl
82,195,900,endl
82,195,900,endl
82,196,2220,endl
82,197,486,endl
82,197,2574,endl
82,198,8640,endl
82,199,5400,endl
82,199,732,endl
82,200,77400,endl
82,200,0.00000048,endl
82,201,33588,endl
82,201,60.8,endl
82,202,1656737200000,endl
82,202,12744,endl
82,203,186912,endl
82,203,6.21,endl
82,203,0.48,endl
82,204,4417966000000000000000000,endl
82,204,4015.8,endl
82,205,545934370000000,endl
82,205,0.00555,endl
82,206,10000000000000000000000000000000000000000,endl
82,207,10000000000000000000000000000000000000000,endl
82,207,0.806,endl
82,208,10000000000000000000000000000000000000000,endl
82,209,11642.4,endl
82,210,700563180,endl
82,211,2166,endl
82,211,0.000000159,endl
82,212,38304,endl
82,213,612,endl
82,214,1623.6,endl
82,214,0.0000062,endl
82,215,147,endl
82,216,0.0000003,endl
82,216,0.0000004,endl
82,217,0.0000003,endl
82,218,0.0000003,endl
82,219,0.0000003,endl
82,220,0.0000003,endl
83,184,0.013,endl
83,184,0,endl
83,185,0.000058,endl
83,186,0.015,endl
83,186,0,endl
83,187,0.037,endl
83,187,0.00037,endl
83,188,0.21,endl
83,189,0.658,endl
83,189,0.005,endl
83,189,0.00088,endl
83,190,0,endl
83,190,6.3,endl
83,190,6.2,endl
83,191,12.4,endl
83,191,0.125,endl
83,192,34.6,endl
83,192,39.6,endl
83,193,63.6,endl
83,193,3.2,endl
83,194,95,endl
83,194,115,endl
83,194,125,endl
83,195,183,endl
83,195,87,endl
83,196,308,endl
83,196,0.6,endl
83,196,240,endl
83,197,559.8,endl
83,197,302.4,endl
83,198,618,endl
83,198,696,endl
83,198,7.7,endl
83,199,1620,endl
83,199,1482,endl
83,200,2184,endl
83,200,1860,endl
83,200,0.4,endl
83,201,6180,endl
83,201,3450,endl
83,202,6156,endl
83,203,42336,endl
83,203,0.305,endl
83,204,40392,endl
83,204,0.013,endl
83,204,0.00107,endl
83,205,1322784,endl
83,206,539395.2,endl
83,206,0.00089,endl
83,207,995620200,endl
83,207,0.000182,endl
83,208,11612939000000,endl
83,208,0.00258,endl
83,209,634293690000000000000000000,endl
83,210,433036.8,endl
83,210,95932976000000,endl
83,211,128.4,endl
83,211,0.0000014,endl
83,212,3633,endl
83,212,1500,endl
83,212,420,endl
83,213,2735.4,endl
83,214,1194,endl
83,215,456,endl
83,215,36.9,endl
83,216,135,endl
83,217,98.5,endl
83,217,0.000003,endl
83,218,33,endl
83,219,22,endl
83,220,0.0000003,endl
83,221,0.0000003,endl
83,222,0,endl
83,223,0.0000003,endl
83,224,0.0000003,endl
84,186,0.000028,endl
84,187,0.0014,endl
84,188,0.0004,endl
84,189,0.0035,endl
84,190,0.00246,endl
84,191,0.022,endl
84,191,0,endl
84,192,0.0322,endl
84,192,0.00000058,endl
84,193,0.37,endl
84,193,0,endl
84,194,0.392,endl
84,195,4.64,endl
84,195,1.92,endl
84,196,5.8,endl
84,196,0.000000856,endl
84,197,84,endl
84,197,32,endl
84,198,106.2,endl
84,199,328.2,endl
84,199,250.2,endl
84,200,690.6,endl
84,201,936,endl
84,201,537.6,endl
84,202,2676,endl
84,203,2202,endl
84,203,45,endl
84,204,12668.4,endl
84,205,6264,endl
84,205,0.000645,endl
84,205,0.0574,endl
84,206,760320,endl
84,207,20880,endl
84,207,2.79,endl
84,207,2.79,endl
84,208,91451896,endl
84,209,3950923900,endl
84,210,11955686,endl
84,211,0.516,endl
84,211,25.2,endl
84,212,0.000000299,endl
84,212,0,endl
84,212,45.1,endl
84,213,0.00000372,endl
84,214,0.0001643,endl
84,215,0.001781,endl
84,216,0.145,endl
84,217,1.46,endl
84,218,185.88,endl
84,219,0.0000003,endl
84,220,0.0000003,endl
84,221,112,endl
84,222,550,endl
84,223,0.0000003,endl
84,224,0.0000003,endl
84,225,0.0000003,endl
84,226,0.0000003,endl
84,227,0.0000003,endl
84,228,0,endl
85,191,0.0017,endl
85,191,0,endl
85,192,0,endl
85,192,0.088,endl
85,192,0.0115,endl
85,193,0.028,endl
85,193,0.021,endl
85,193,0.027,endl
85,194,0,endl
85,194,0.04,endl
85,194,0.25,endl
85,195,0.29,endl
85,195,0.143,endl
85,196,0.388,endl
85,196,0,endl
85,197,0.388,endl
85,197,2,endl
85,198,3.8,endl
85,198,1.04,endl
85,199,7.03,endl
85,199,0,endl
85,200,43,endl
85,200,47,endl
85,200,7.3,endl
85,201,85.2,endl
85,202,184,endl
85,202,182,endl
85,202,0.46,endl
85,203,444,endl
85,204,547.2,endl
85,204,0.108,endl
85,205,1614,endl
85,206,1836,endl
85,207,6516,endl
85,207,0.000000108,endl
85,208,5868,endl
85,209,19512,endl
85,210,29160,endl
85,211,25970.4,endl
85,211,0.00000423,endl
85,212,0.314,endl
85,212,0.119,endl
85,213,0.000000125,endl
85,214,0.000000558,endl
85,214,0.00000076,endl
85,215,0.0001,endl
85,216,0.0003,endl
85,217,0.0323,endl
85,218,1.5,endl
85,219,56,endl
85,220,222.6,endl
85,221,138,endl
85,222,54,endl
85,223,50,endl
85,224,150,endl
85,225,0.0000003,endl
85,226,0.0000003,endl
85,227,0.0000003,endl
85,228,0.0000003,endl
85,229,0.0000003,endl
85,230,0,endl
85,231,0,endl
85,232,0,endl
85,233,0,endl
85,234,0,endl
85,235,0,endl
86,193,0.00115,endl
86,194,0.00078,endl
86,195,0.006,endl
86,195,0.005,endl
86,196,0.0044,endl
86,197,0.065,endl
86,197,0,endl
86,198,0.065,endl
86,199,0.59,endl
86,199,0.31,endl
86,200,1.03,endl
86,201,7,endl
86,201,3.8,endl
86,202,9.7,endl
86,203,44,endl
86,203,26.9,endl
86,204,74.5,endl
86,205,170,endl
86,206,340.2,endl
86,207,555,endl
86,207,0.0001845,endl
86,208,1461,endl
86,209,1728,endl
86,210,8640,endl
86,211,52560,endl
86,212,1434,endl
86,213,0.0195,endl
86,214,0.00000027,endl
86,215,0.0000023,endl
86,216,0.000045,endl
86,217,0.00054,endl
86,218,0.035,endl
86,219,3.96,endl
86,220,55.6,endl
86,221,1500,endl
86,222,330350.4,endl
86,223,1458,endl
86,224,6420,endl
86,225,279.6,endl
86,226,444,endl
86,227,20.8,endl
86,228,65,endl
86,229,12,endl
86,230,0,endl
86,231,0,endl
86,232,0,endl
86,233,0,endl
87,197,0.0006,endl
87,198,0.015,endl
87,199,0.012,endl
87,200,0.049,endl
87,201,0.062,endl
87,202,0.3,endl
87,202,0.29,endl
87,203,0.55,endl
87,204,1.8,endl
87,204,1.6,endl
87,204,0.8,endl
87,205,3.92,endl
87,206,16,endl
87,206,16,endl
87,206,0.7,endl
87,207,14.8,endl
87,208,59.1,endl
87,209,50.5,endl
87,210,190.8,endl
87,211,186,endl
87,211,0.000000146,endl
87,211,0.000000123,endl
87,212,1200,endl
87,213,34.82,endl
87,214,0.005,endl
87,214,0.00335,endl
87,215,0.000000086,endl
87,216,0.0000007,endl
87,217,0.000019,endl
87,218,0.001,endl
87,218,0.022,endl
87,219,0.02,endl
87,220,27.4,endl
87,221,294,endl
87,222,852,endl
87,223,1320,endl
87,224,199.8,endl
87,225,237,endl
87,226,49,endl
87,227,148.2,endl
87,228,38,endl
87,229,50.2,endl
87,230,19.1,endl
87,231,17.6,endl
87,232,5.5,endl
87,233,0.9,endl
87,234,0,endl
88,201,0.0016,endl
88,202,0.016,endl
88,203,0.031,endl
88,203,0,endl
88,204,0.057,endl
88,205,0.21,endl
88,205,0.17,endl
88,206,0.24,endl
88,207,1.35,endl
88,207,0.059,endl
88,208,1.3,endl
88,209,4.8,endl
88,209,0.000117,endl
88,210,3.7,endl
88,210,0,endl
88,211,13,endl
88,211,0,endl
88,212,13,endl
88,212,0,endl
88,213,163.8,endl
88,213,0.00215,endl
88,214,2.46,endl
88,214,0,endl
88,215,0.00166,endl
88,215,0,endl
88,216,0.000000182,endl
88,217,0.0000016,endl
88,218,0.0000252,endl
88,219,0.01,endl
88,220,0.018,endl
88,221,28,endl
88,222,38,endl
88,223,987552,endl
88,224,316224,endl
88,225,1287360,endl
88,226,50491040000,endl
88,227,2532,endl
88,228,181452180,endl
88,229,240,endl
88,230,5580,endl
88,231,104,endl
88,232,252,endl
88,233,30,endl
88,234,30,endl
88,235,0,endl
89,205,0.02,endl
89,206,0.022,endl
89,207,0.027,endl
89,208,0.095,endl
89,209,0.87,endl
89,210,0.35,endl
89,211,0.21,endl
89,212,0.93,endl
89,213,0.738,endl
89,214,8.2,endl
89,215,0.17,endl
89,216,0.00044,endl
89,217,0.000000069,endl
89,217,0.00000074,endl
89,218,0.00000108,endl
89,219,0.0000118,endl
89,220,0.0264,endl
89,221,0.052,endl
89,222,5,endl
89,222,63,endl
89,223,126,endl
89,224,10008,endl
89,225,857113.9,endl
89,226,105732,endl
89,227,687056830,endl
89,228,22140,endl
89,229,3762,endl
89,230,122,endl
89,231,450,endl
89,232,119,endl
89,233,145,endl
89,234,44,endl
89,235,62,endl
89,236,0,endl
89,237,0,endl
90,208,0.0017,endl
90,209,0.0025,endl
90,210,0.016,endl
90,211,0.037,endl
90,212,0.03,endl
90,213,0.144,endl
90,214,0.087,endl
90,214,0.00000124,endl
90,215,1.2,endl
90,215,0.00000077,endl
90,216,0.026,endl
90,216,0,endl
90,217,0.000241,endl
90,217,0.000000141,endl
90,218,0.000000117,endl
90,219,0.00000105,endl
90,220,0.0000097,endl
90,221,0.00174,endl
90,222,0.00224,endl
90,223,0.6,endl
90,224,1.05,endl
90,225,525,endl
90,226,1834.2,endl
90,227,1613952,endl
90,228,60324170,endl
90,229,248668370000,endl
90,229,0,endl
90,230,2379390300000,endl
90,231,91872,endl
90,232,441796600000000000,endl
90,233,1309.8,endl
90,234,2082240,endl
90,235,432,endl
90,236,2238,endl
90,237,288,endl
90,238,564,endl
90,239,0,endl
91,211,0.0000003,endl
91,212,0.0051,endl
91,213,0.0053,endl
91,214,0.017,endl
91,215,0.014,endl
91,216,0.15,endl
91,217,0.0036,endl
91,217,0.0012,endl
91,218,0.000113,endl
91,219,0.000000053,endl
91,220,0.00000078,endl
91,221,0.0000059,endl
91,222,0.0029,endl
91,223,0.0051,endl
91,224,0.79,endl
91,225,1.7,endl
91,226,108,endl
91,227,2298,endl
91,228,79200,endl
91,229,129600,endl
91,230,1503360,endl
91,231,1033804000000,endl
91,232,114048,endl
91,232,0,endl
91,233,2330640,endl
91,234,24120,endl
91,234,69.54,endl
91,235,1464,endl
91,236,546,endl
91,237,522,endl
91,238,136.2,endl
91,239,6480,endl
91,240,0,endl
91,241,0,endl
92,214,0,endl
92,215,0,endl
92,216,0,endl
92,217,0.016,endl
92,218,0.00051,endl
92,218,0.00056,endl
92,219,0.000042,endl
92,220,0,endl
92,221,0.0000007,endl
92,222,0.000001,endl
92,223,0.000018,endl
92,224,0.0009,endl
92,225,0.069,endl
92,226,0.268,endl
92,227,66,endl
92,228,546,endl
92,229,3480,endl
92,230,1747872,endl
92,231,362880,endl
92,232,2174270400,endl
92,233,5023858500000,endl
92,234,7747219000000,endl
92,235,22216058000000000,endl
92,235,1560,endl
92,235,0.0036,endl
92,236,739062600000000,endl
92,237,583372.8,endl
92,238,140996230000000000,endl
92,238,0.00000028,endl
92,239,1407,endl
92,240,50760,endl
92,241,0,endl
92,242,1008,endl
92,243,0,endl
93,219,0,endl
93,220,0,endl
93,221,0,endl
93,222,0,endl
93,223,0,endl
93,224,0,endl
93,225,0,endl
93,226,0.035,endl
93,227,0.51,endl
93,228,61.4,endl
93,229,240,endl
93,230,276,endl
93,231,2928,endl
93,232,882,endl
93,233,2172,endl
93,234,380160,endl
93,235,34223040,endl
93,236,4828205700000,endl
93,236,81000,endl
93,237,67657994000000,endl
93,238,182908.8,endl
93,238,0.000000112,endl
93,239,203558.4,endl
93,240,3714,endl
93,240,0,endl
93,241,834,endl
93,242,132,endl
93,242,0,endl
93,242,330,endl
93,243,111,endl
93,244,137.4,endl
93,245,0,endl
94,228,1.1,endl
94,229,90,endl
94,230,102,endl
94,231,516,endl
94,232,2028,endl
94,233,1254,endl
94,234,31680,endl
94,235,1518,endl
94,236,90189620,endl
94,236,0,endl
94,237,3943296,endl
94,237,0.18,endl
94,238,2767540100,endl
94,239,760836860000,endl
94,239,0.0000075,endl
94,240,207044820000,endl
94,241,450948100,endl
94,241,0.000021,endl
94,242,11833838000000,endl
94,243,17841.6,endl
94,244,2524552000000000,endl
94,245,37800,endl
94,246,936576,endl
94,247,196128,endl
95,230,31,endl
95,231,0,endl
95,232,79,endl
95,233,192,endl
95,234,139.2,endl
95,235,618,endl
95,236,216,endl
95,236,0,endl
95,237,4416,endl
95,238,5880,endl
95,238,0.000035,endl
95,239,42840,endl
95,239,0.000000163,endl
95,240,182880,endl
95,240,0.00094,endl
95,241,13651515000,endl
95,241,0.0000012,endl
95,242,57672,endl
95,242,4449522900,endl
95,242,0.014,endl
95,243,232385010000,endl
95,244,36360,endl
95,244,1560,endl
95,244,0.0009,endl
95,244,0.0000065,endl
95,245,7380,endl
95,245,0.00000064,endl
95,246,2340,endl
95,246,1500,endl
95,246,0.000073,endl
95,247,1380,endl
95,248,0,endl
95,249,0,endl
96,232,0,endl
96,233,0,endl
96,234,51,endl
96,235,0,endl
96,236,0,endl
96,237,0,endl
96,238,8640,endl
96,239,9720,endl
96,240,2332800,endl
96,241,2833920,endl
96,242,14065920,endl
96,242,4E-011,endl
96,242,0.00000018,endl
96,243,918305790,endl
96,244,571179890,endl
96,244,0.034,endl
96,244,0.0000005,endl
96,244,5E-012,endl
96,245,265803770000,endl
96,246,148506770000,endl
96,247,492287640000000,endl
96,247,0.0000263,endl
96,248,10981801000000,endl
96,249,3849,endl
96,250,261922270000,endl
96,251,1008,endl
96,252,172800,endl
97,234,140,endl
97,235,0,endl
97,236,0,endl
97,237,0,endl
97,238,144,endl
97,239,0,endl
97,240,288,endl
97,241,276,endl
97,242,420,endl
97,242,9.5E-009,endl
97,242,0.0000006,endl
97,243,16560,endl
97,244,15660,endl
97,244,0.00000082,endl
97,245,427680,endl
97,246,155520,endl
97,247,43548522000,endl
97,248,284012100,endl
97,248,85320,endl
97,249,28512000,endl
97,250,11563.2,endl
97,251,3336,endl
97,252,0,endl
97,253,600,endl
97,254,0,endl
98,237,2.1,endl
98,238,0.021,endl
98,239,39,endl
98,240,57.6,endl
98,241,226.8,endl
98,242,222,endl
98,243,642,endl
98,244,1164,endl
98,244,0,endl
98,245,2700,endl
98,246,128520,endl
98,247,11196,endl
98,248,28814400,endl
98,249,11076472000,endl
98,249,0,endl
98,250,412764250,endl
98,251,28338096000,endl
98,251,0,endl
98,252,83468000,endl
98,253,1538784,endl
98,254,5227200,endl
98,255,5100,endl
98,256,738,endl
99,239,0,endl
99,240,0,endl
99,241,8,endl
99,242,13.5,endl
99,243,21,endl
99,244,37,endl
99,245,66,endl
99,246,450,endl
99,247,0,endl
99,248,1440,endl
99,249,6132,endl
99,250,30960,endl
99,250,7992,endl
99,251,118800,endl
99,252,40754880,endl
99,253,1768608,endl
99,254,23820480,endl
99,254,141480,endl
99,255,3438720,endl
99,256,1524,endl
99,256,27360,endl
99,257,665280,endl
99,258,0,endl
100,241,0.00073,endl
100,242,0.0008,endl
100,243,0.231,endl
100,244,0.0033,endl
100,245,4.2,endl
100,246,1.54,endl
100,247,31,endl
100,247,5.1,endl
100,248,34.5,endl
100,248,0.0101,endl
100,249,156,endl
100,250,1800,endl
100,250,1.8,endl
100,250,0,endl
100,251,19080,endl
100,252,91404,endl
100,253,259200,endl
100,253,0.00000056,endl
100,254,11664,endl
100,255,72252,endl
100,256,9456,endl
100,257,8683200,endl
100,258,0.00037,endl
100,259,1.5,endl
100,260,0,endl
101,245,0.0009,endl
101,245,0.35,endl
101,246,0,endl
101,246,0.9,endl
101,246,4.4,endl
101,247,1.2,endl
101,248,7,endl
101,249,21.7,endl
101,250,52,endl
101,251,240,endl
101,252,138,endl
101,253,360,endl
101,254,0,endl
101,254,600,endl
101,254,1680,endl
101,255,1620,endl
101,256,4620,endl
101,257,19872,endl
101,258,4449600,endl
101,258,3420,endl
101,259,5760,endl
101,260,2747520,endl
101,261,0,endl
101,262,0,endl
102,248,0.000002,endl
102,249,0,endl
102,250,0.0000042,endl
102,250,0.000046,endl
102,251,0.8,endl
102,251,1.02,endl
102,252,2.44,endl
102,253,97.2,endl
102,253,0.0000311,endl
102,253,0.000706,endl
102,253,0.000627,endl
102,253,0,endl
102,254,51,endl
102,254,0.28,endl
102,255,211.2,endl
102,256,2.91,endl
102,257,24.5,endl
102,258,0.0012,endl
102,259,3480,endl
102,260,0.106,endl
102,261,0,endl
102,262,0.005,endl
102,263,0,endl
102,264,0,endl
103,251,0,endl
103,252,0.36,endl
103,253,0.57,endl
103,253,1.49,endl
103,254,13,endl
103,255,31.1,endl
103,255,2.54,endl
103,255,0.0017,endl
103,256,27,endl
103,257,4,endl
103,258,4.1,endl
103,259,6.2,endl
103,260,180,endl
103,261,2340,endl
103,262,14400,endl
103,263,0,endl
103,264,0,endl
103,265,0,endl
103,266,39600,endl
104,253,0.011,endl
104,254,0.000023,endl
104,255,1.68,endl
104,256,0.00667,endl
104,256,0.000025,endl
104,256,0.000017,endl
104,256,0.000027,endl
104,257,4.4,endl
104,257,4.1,endl
104,258,0.012,endl
104,259,2.4,endl
104,260,0.021,endl
104,261,78,endl
104,261,3.1,endl
104,262,2.3,endl
104,263,600,endl
104,264,0,endl
104,265,0,endl
104,266,0,endl
104,267,0,endl
104,268,0,endl
105,255,1.6,endl
105,256,2.6,endl
105,257,2.3,endl
105,257,0.67,endl
105,258,4,endl
105,258,20,endl
105,259,0.51,endl
105,260,1.52,endl
105,260,0,endl
105,261,1.8,endl
105,262,35,endl
105,263,27,endl
105,264,0,endl
105,265,0,endl
105,266,0,endl
105,267,0,endl
105,268,115200,endl
105,269,0,endl
105,270,82800,endl
106,258,0.0029,endl
106,259,0.29,endl
106,260,0.0036,endl
106,261,0.23,endl
106,261,0,endl
106,262,0.0069,endl
106,263,1,endl
106,263,0,endl
106,264,0.037,endl
106,265,16.2,endl
106,265,8.9,endl
106,266,21,endl
106,267,0,endl
106,268,0,endl
106,269,120,endl
106,270,0,endl
106,271,144,endl
106,272,0,endl
106,273,0,endl
107,260,0,endl
107,261,0.012,endl
107,262,0.102,endl
107,262,0.008,endl
107,263,0,endl
107,264,0.44,endl
107,265,0,endl
107,266,1.7,endl
107,267,17,endl
107,268,0,endl
107,269,0,endl
107,270,0,endl
107,271,0,endl
107,272,10,endl
107,273,0,endl
107,274,54,endl
107,275,0,endl
108,263,0,endl
108,264,0.0008,endl
108,265,0.002,endl
108,265,0.00075,endl
108,266,0.0023,endl
108,267,0.052,endl
108,267,0,endl
108,268,0,endl
108,269,9.7,endl
108,270,3.6,endl
108,270,0,endl
108,271,0,endl
108,272,0,endl
108,273,0.2,endl
108,274,0,endl
108,275,0.15,endl
108,276,0,endl
108,277,0.003,endl
108,277,0,endl
109,265,0,endl
109,266,0.0017,endl
109,266,0,endl
109,267,0,endl
109,268,0.021,endl
109,269,0,endl
109,270,0.005,endl
109,271,0,endl
109,272,0,endl
109,273,0,endl
109,274,0.45,endl
109,275,0,endl
109,276,0.72,endl
109,277,5,endl
109,278,7.6,endl
109,279,0,endl
110,267,0,endl
110,268,0,endl
110,269,0,endl
110,270,0.0001,endl
110,270,0.006,endl
110,271,0.00163,endl
110,271,0,endl
110,272,0,endl
110,273,0.00017,endl
110,273,0,endl
110,274,0,endl
110,275,0,endl
110,276,0,endl
110,277,0.006,endl
110,278,0,endl
110,279,0.18,endl
110,280,0,endl
110,281,9.6,endl
110,282,0,endl
111,272,0.0038,endl
111,273,0,endl
111,274,0,endl
111,275,0,endl
111,276,0,endl
111,277,0,endl
111,278,0.0042,endl
111,279,0.17,endl
111,280,3.6,endl
111,281,26,endl
111,282,0.5,endl
111,283,0,endl
112,276,0,endl
112,277,0.00069,endl
112,278,0,endl
112,279,0,endl
112,280,0,endl
112,281,0.1,endl
112,282,0.0005,endl
112,283,4,endl
112,284,0.101,endl
112,285,34,endl
113,278,0,endl
113,279,0,endl
113,280,0,endl
113,281,0,endl
113,282,0,endl
113,283,0,endl
113,284,0.48,endl
113,285,5.5,endl
113,286,20,endl
113,287,0,endl
114,285,0.12,endl
114,286,0.16,endl
114,287,0.51,endl
114,288,0.8,endl
114,289,2.7,endl
115,287,0,endl
115,288,0,endl
115,289,0.22,endl
115,290,0.016,endl
115,291,0,endl
116,289,0,endl
116,290,0.015,endl
116,291,0,endl
116,292,0.018,endl
116,293,0.053,endl
117,291,0,endl
117,292,0,endl
117,293,0.014,endl
117,294,0,endl
118,293,0,endl
118,294,0.0018,endl
118,295,0,endl
